iso3,fractional_paper_credit,unique_ukb_papers,first_ukb_year,last_ukb_year,country,iso2,unique_resolved_authors,author_affiliation_rows,classified_name_credit,female_name_credit,female_name_share,author_basis_unique_papers,authors_per_paper,org_basis_unique_papers,author_vs_org_paper_percent
CHN,6529.2460010350505,7715,2015,2025,China,CN,19213,56486,405.36533934401496,118.01077544791848,29.112201758268274,7715,7.321581335061568,7626,101.16706005769736
USA,5431.808119115902,9050,2013,2025,United States,US,17150,68774,3634.9593664716485,1245.8995803241285,34.27547476365569,9050,7.5993370165745855,8798,102.86428733803137
GBR,5181.821240058183,8418,2013,2025,United Kingdom,GB,12971,61117,4055.140894117266,1535.6087354498766,37.86819682831642,8418,7.260275599904966,8122,103.64442255602069
AUS,810.6819167509683,2168,2014,2025,Australia,AU,2184,9530,545.8439840886049,214.66116693212203,39.326469318983435,2168,4.395756457564576,2105,102.99287410926365
DEU,588.0064548258631,1890,2015,2025,Germany,DE,2804,9665,488.8176428663927,151.87619267592189,31.070112728609885,1890,5.113756613756614,1773,106.5989847715736
CAN,577.4072743341402,1473,2014,2025,Canada,CA,1882,6060,409.90310035228555,144.53930487510752,35.26182279443244,1473,4.114052953156823,1412,104.3201133144476
NLD,524.8255189336938,1802,2013,2025,Netherlands,NL,2107,8599,402.5141064630374,151.99614501793295,37.76169395739939,1802,4.771920088790233,1740,103.5632183908046
SWE,416.7158913027174,1653,2014,2025,Sweden,SE,1414,5369,308.94991849707435,137.9544539555728,44.652691486914634,1653,3.248033877797943,1619,102.10006176652254
KOR,373.7066669533166,590,2016,2025,South Korea,KR,999,3557,92.38232677053367,46.68129724202282,50.5305493744203,590,6.0288135593220336,573,102.96684118673647
DNK,260.30201264132836,960,2015,2025,Denmark,DK,1085,4197,222.55289819929186,66.32008086061289,29.799693195289027,960,4.371875,932,103.00429184549357
FRA,238.46299612062805,929,2015,2025,France,FR,1222,3563,202.63537393795121,62.21703068500396,30.703933610355406,929,3.8353067814854684,886,104.85327313769751
NOR,235.5993568752198,815,2015,2025,Norway,NO,636,4094,207.43416249407284,59.7799561367323,28.818761296582686,815,5.023312883435583,777,104.89060489060489
FIN,182.11142225744,749,2015,2025,Finland,FI,937,4120,156.99967619098442,60.75834357743911,38.69966171365142,749,5.500667556742323,724,103.45303867403315
CHE,160.3892230953691,664,2015,2025,Switzerland,CH,699,2118,133.578144416801,47.140755163131786,35.29076958580852,664,3.1897590361445785,616,107.79220779220779
ESP,157.8589844117492,807,2015,2025,Spain,ES,1210,2868,137.7592787913743,59.90112600201249,43.48246196376222,807,3.553903345724907,777,103.86100386100387
ITA,156.86892309043495,790,2014,2025,Italy,IT,1273,3172,140.4752327372695,72.01549445124213,51.26561675532693,790,4.015189873417722,758,104.22163588390501
JPN,119.22953366732487,380,2015,2025,Japan,JP,717,1821,90.44581984719687,17.892835469460326,19.782932477906957,380,4.792105263157895,365,104.10958904109589
SGP,79.78641039111109,364,2015,2025,Singapore,SG,359,1284,31.711472991622966,9.427448927599805,29.728826945661588,364,3.5274725274725274,342,106.4327485380117
ISR,79.67576875325612,212,2016,2025,Israel,IL,189,493,71.32187835752171,20.373099474651827,28.56500690086389,212,2.3254716981132075,198,107.07070707070707
TWN,62.15404953441795,153,2017,2025,Taiwan,TW,411,811,8.364545716829602,3.7047701902165517,44.291349651691114,153,5.300653594771242,145,105.51724137931035
ISL,62.03209250923801,288,2015,2025,Iceland,IS,316,2460,38.98738394782023,19.76571519835987,50.69772115208814,288,8.541666666666666,258,111.62790697674419
EST,52.49854123188476,315,2015,2025,Estonia,EE,162,1072,40.3433331487846,19.250061533647713,47.715595195504186,315,3.403174603174603,293,107.5085324232082
RUS,49.40362981481116,144,2015,2025,Russia,RU,189,489,36.70974678003707,14.350434860459988,39.09162039838373,144,3.3958333333333335,141,102.12765957446808
IND,46.9582759925225,130,2016,2025,India,IN,279,423,15.14312748377582,6.584152886902595,43.479478687323905,130,3.253846153846154,126,103.17460317460318
IRL,46.57148937421834,226,2014,2025,Ireland,IE,251,591,37.54681586533319,18.337755974871197,48.839709978715845,226,2.6150442477876106,210,107.61904761904762
NZL,44.86936596379154,153,2016,2025,New Zealand,NZ,170,451,32.64269351750597,13.14265483373684,40.26216410936971,153,2.947712418300654,150,102.0
GRC,43.679987089054556,326,2015,2025,Greece,GR,226,756,37.306893601694696,13.550489036802935,36.32167604591821,326,2.3190184049079754,314,103.82165605095541
AUT,38.17788670578092,298,2015,2025,Austria,AT,257,776,31.296711764485337,11.707835561445618,37.4091554715066,298,2.6040268456375837,276,107.97101449275362
BRA,34.607137828970345,171,2014,2025,Brazil,BR,232,482,26.945212477616064,13.016466141135078,48.30715716919331,171,2.818713450292398,165,103.63636363636364
BEL,31.37876547166807,282,2014,2025,Belgium,BE,316,635,23.988047756798437,8.295523330237943,34.58190268062525,282,2.25177304964539,273,103.2967032967033
HUN,30.65017827946275,74,2015,2025,Hungary,HU,87,294,23.23979652769444,12.346338878512002,53.12584756841178,74,3.972972972972973,71,104.22535211267606
SAU,25.21860421534213,141,2015,2025,Saudi Arabia,SA,141,294,18.899831753685483,2.637583257466573,13.955591202298624,141,2.0851063829787235,135,104.44444444444444
POL,21.79033418032155,157,2016,2025,Poland,PL,224,426,13.207208438562278,3.498775379758276,26.49140729499344,157,2.713375796178344,153,102.61437908496733
ZAF,21.13093583194966,126,2017,2025,South Africa,ZA,123,362,14.32210521021413,6.137011774582849,42.849928027383164,126,2.873015873015873,118,106.77966101694915
CHL,20.481358291059532,173,2017,2025,Chile,CL,75,295,19.45014913393297,5.712544470281315,29.370183390085884,173,1.7052023121387283,157,110.19108280254777
IRN,18.0577984346567,74,2016,2025,Iran,IR,98,232,13.686174842469052,2.985947606476989,21.81725457146293,74,3.135135135135135,70,105.71428571428571
ARE,11.35242276769113,37,2017,2025,United Arab Emirates,AE,60,101,7.967790733059095,4.574431818181818,57.41154570240005,37,2.72972972972973,36,102.77777777777777
LUX,10.254343706082295,35,2020,2025,Luxembourg,LU,20,87,6.509227218627099,2.896276595744681,44.49493770100028,35,2.4857142857142858,33,106.06060606060606
QAT,9.464530317006083,59,2016,2025,Qatar,QA,85,143,7.135309537785304,1.274968071133006,17.868433939429874,59,2.4237288135593222,53,111.32075471698113
TUR,9.218301593311738,58,2015,2025,Turkey,TR,72,103,4.7017085437979445,2.2195590864616563,47.207500545508964,58,1.7758620689655173,48,120.83333333333333
MEX,6.296551225597215,57,2018,2025,Mexico,MX,72,198,5.460318767275372,1.3408861719650091,24.55692110873032,57,3.473684210526316,54,105.55555555555556
LVA,6.069095269860872,12,2018,2025,Latvia,LV,15,32,4.045839455907384,3.2125061225740503,79.40270882185963,12,2.6666666666666665,11,109.0909090909091
THA,5.572148712992371,50,2018,2025,Thailand,TH,39,77,0.9481538992408557,0.5496031746031745,57.96560822491129,50,1.54,49,102.04081632653062
PRT,5.45638488881577,75,2018,2025,Portugal,PT,65,115,4.886410663181167,2.052221973907435,41.99855712846269,75,1.5333333333333334,67,111.94029850746269
MYS,5.364110525976256,45,2019,2025,Malaysia,MY,41,82,2.605762635453126,1.4105635731633404,54.132466018649936,45,1.8222222222222222,45,100.0
PAK,5.201255811153971,64,2013,2025,Pakistan,PK,46,131,3.036848863261269,0.3087423777094189,10.166537473908424,64,2.046875,62,103.2258064516129
ARG,4.755818546912386,28,2017,2025,Argentina,AR,23,43,4.755818546912386,1.5035200283605763,31.614327029711944,28,1.5357142857142858,25,112.0
ETH,4.488401875901876,40,2019,2025,Ethiopia,ET,12,45,3.286417748917749,0.0,0.0,40,1.125,40,100.0
COL,4.464647706598785,31,2017,2025,Colombia,CO,25,57,3.1313143732654516,0.6737198214072752,21.515559956526975,31,1.8387096774193548,29,106.89655172413794
IDN,4.176636694988519,18,2022,2025,Indonesia,ID,24,43,1.897416698693022,1.4916666666666667,78.61566031827147,18,2.388888888888889,18,100.0
EGY,4.128660235506484,32,2019,2025,Egypt,EG,21,49,2.6376770520717545,0.8323535113651493,31.556308635713386,32,1.53125,31,103.2258064516129
CZE,3.638885688252742,69,2016,2025,Czechia,CZ,72,139,3.20743306828317,1.4689463935054499,45.79819320412903,69,2.0144927536231885,66,104.54545454545455
HRV,3.3875530607809523,82,2015,2025,Croatia,HR,49,157,3.171283219511111,1.6021006095724781,50.519001258407314,82,1.9146341463414633,73,112.32876712328768
ROU,3.3835328837483174,29,2018,2025,Romania,RO,31,47,2.7549318083368357,1.988765551809037,72.1892841699651,29,1.6206896551724137,27,107.4074074074074
SVN,3.271801851522538,13,2018,2025,Slovenia,SI,14,24,1.2467947472315466,0.8696399808454137,69.75005170469409,13,1.8461538461538463,12,108.33333333333333
NGA,2.8820901427553505,25,2017,2025,Nigeria,NG,74,101,0.564251944043341,0.06570126039152588,11.643958179518345,25,4.04,20,125.0
VNM,2.8668765977406716,14,2019,2025,Vietnam,VN,13,20,2.7345505904146643,0.8583333333333334,31.388460551507904,14,1.4285714285714286,14,100.0
SRB,2.8254815672661984,16,2021,2025,Serbia,RS,15,25,2.8254815672661984,1.3908201739091528,49.2241814642183,16,1.5625,13,123.07692307692308
GHA,2.761366811562749,17,2015,2025,Ghana,GH,21,41,1.917694239441117,0.3218888070692194,16.785199665773053,17,2.411764705882353,17,100.0
BGD,2.641948302367086,18,2017,2025,Bangladesh,BD,18,32,1.3608644665836447,0.08901515151515152,6.541073979146347,18,1.7777777777777777,18,100.0
UGA,2.4984218003615726,16,2019,2025,Uganda,UG,20,44,1.5711557184902274,0.13008373205741625,8.27949327533351,16,2.75,16,100.0
LTU,2.4109786169298397,27,2016,2025,Lithuania,LT,27,48,1.2840784927509934,0.16600535772994754,12.927975872744334,27,1.7777777777777777,23,117.3913043478261
BOL,1.7634408602150538,3,2024,2025,Bolivia,BO,3,7,1.7634408602150538,0.8333333333333333,47.256097560975604,3,2.3333333333333335,3,100.0
IRQ,1.6329240204240203,13,2018,2025,Iraq,IQ,8,19,0.6726065601065601,0.0,0.0,13,1.4615384615384615,13,100.0
YEM,1.5,2,2023,2025,Yemen,YE,12,12,,,,2,6.0,2,100.0
LKA,1.4966945281781006,10,2018,2025,Sri Lanka,LK,10,24,0.03189520531748609,0.0,0.0,10,2.4,10,100.0
UZB,1.3306720430107526,4,2020,2025,Uzbekistan,UZ,21,29,0.37983870967741934,0.25483870967741934,67.09129511677281,4,7.25,4,100.0
VEN,1.3148148148148149,2,2019,2020,Venezuela,VE,10,10,1.3148148148148149,0.24074074074074073,18.309859154929576,2,5.0,2,100.0
KHM,1.25,2,2025,2025,Cambodia,KH,13,15,0.9230769230769231,0.3076923076923077,33.333333333333336,2,7.5,2,100.0
KEN,1.226703834521172,12,2017,2025,Kenya,KE,18,23,0.9430496232353818,0.011904761904761904,1.2623685553173185,12,1.9166666666666667,12,100.0
KWT,1.1392327257271855,20,2014,2025,Kuwait,KW,15,36,0.7498358884219568,0.2644113549285963,35.26256331702858,20,1.8,20,100.0
NFK,1.0526635401635402,12,2017,2025,Norfolk Island,NF,13,18,0.6250180375180375,0.0,0.0,12,1.5,12,100.0
CYP,1.012773333667897,32,2016,2025,Cyprus,CY,24,50,0.7727739429521945,0.29192466805158435,37.77620489329096,32,1.5625,29,110.34482758620689
MNE,1.0,1,2024,2024,Montenegro,ME,5,5,0.8,0.2,25.0,1,5.0,1,100.0
GEO,1.0,1,2024,2024,Georgia,GE,15,15,0.6666666666666666,0.4666666666666667,70.0,1,15.0,1,100.0
URY,0.980101135761513,8,2021,2025,Uruguay,UY,5,10,0.980101135761513,0.8183760683760684,83.49914498774777,8,1.25,8,100.0
GMB,0.9748025016458196,7,2017,2025,Gambia,GM,9,11,0.6384353741496599,0.25510204081632654,39.95737879595099,7,1.5714285714285714,7,100.0
MLI,0.7819605832763727,5,2021,2024,Mali,ML,7,12,0.3293460925039873,0.14752791068580542,44.79418886198547,5,2.4,3,166.66666666666666
CRI,0.7158976440226441,6,2021,2025,Costa Rica,CR,4,8,0.5990145271395272,0.010702838827838828,1.78674111276534,6,1.3333333333333333,6,100.0
MWI,0.6079545454545454,6,2023,2024,Malawi,MW,4,6,0.07402597402597402,0.02857142857142857,38.59649122807018,6,1.0,6,100.0
MLT,0.5808625336927223,2,2017,2025,Malta,MT,4,5,0.5808625336927223,0.0,0.0,2,2.5,2,100.0
NAM,0.5572755417956656,2,2024,2025,Namibia,NA,5,10,0.33436532507739936,0.22291021671826625,66.66666666666667,2,5.0,2,100.0
BHS,0.5454545454545454,1,2024,2024,Bahamas,BS,6,6,,,,1,6.0,1,100.0
LBN,0.5448261416003352,7,2017,2025,Lebanon,LB,3,8,0.5448261416003352,0.0,0.0,7,1.1428571428571428,7,100.0
PER,0.5266343329551887,11,2019,2025,Peru,PE,13,16,0.48285364555748,0.12121212121212122,25.103283847463846,11,1.4545454545454546,11,100.0
JOR,0.5253472222222222,4,2020,2025,Jordan,JO,7,7,0.3864583333333333,0.0,0.0,4,1.75,4,100.0
BIH,0.5157932828751206,7,2019,2024,Bosnia and Herzegovina,BA,14,26,0.44718784500084346,0.2800455354036475,62.62369125956886,7,3.7142857142857144,4,175.0
UKR,0.5013888888888889,3,2022,2025,Ukraine,UA,5,6,0.013888888888888888,0.009259259259259259,66.66666666666666,3,2.0,3,100.0
RWA,0.5,1,2025,2025,Rwanda,RW,2,2,,,,1,2.0,1,100.0
SVK,0.46759259259259256,3,2015,2024,Slovakia,SK,6,6,0.46759259259259256,0.08333333333333333,17.82178217821782,3,2.0,3,100.0
CMR,0.4125,3,2014,2024,Cameroon,CM,3,3,0.1,0.0,0.0,3,1.0,3,100.0
BFA,0.398192004074357,5,2021,2024,Burkina Faso,BF,3,9,0.20882352941176469,0.011904761904761904,5.700871898054997,5,1.8,5,100.0
FJI,0.38863636363636367,3,2019,2022,Fiji,FJ,3,5,0.38863636363636367,0.18181818181818182,46.78362573099415,3,1.6666666666666667,3,100.0
BRN,0.36507936507936506,4,2021,2025,Brunei,BN,2,4,,,,4,1.0,4,100.0
OMN,0.3472222222222222,4,2021,2025,Oman,OM,4,6,0.3472222222222222,0.1388888888888889,40.0,4,1.5,4,100.0
SDN,0.33695652173913043,2,2023,2024,Sudan,SD,2,3,0.043478260869565216,0.043478260869565216,100.0,2,1.5,2,100.0
SEN,0.3179123711340206,3,2021,2023,Senegal,SN,6,10,0.06937285223367698,0.020833333333333332,30.030959752321976,3,3.3333333333333335,2,150.0
ZWE,0.3125,1,2021,2021,Zimbabwe,ZW,6,6,0.125,0.0,0.0,1,6.0,1,100.0
PAN,0.29166666666666663,5,2020,2022,Panama,PA,2,5,0.26785714285714285,0.0,0.0,5,1.0,5,100.0
BGR,0.24505730460533065,14,2018,2025,Bulgaria,BG,11,22,0.24177861608074047,0.12110651225120175,50.08983598895239,14,1.5714285714285714,13,107.6923076923077
BWA,0.21875,3,2021,2024,Botswana,BW,3,4,,,,3,1.3333333333333333,3,100.0
BHR,0.2,1,2020,2020,Bahrain,BH,1,1,0.2,0.0,0.0,1,1.0,1,100.0
ATG,0.2,1,2023,2023,Antigua and Barbuda,AG,0,1,0.2,0.2,100.0,1,1.0,1,100.0
WSM,0.19596323481843403,11,2021,2025,Samoa,WS,4,19,0.08252475649667397,0.0,0.0,11,1.7272727272727273,11,100.0
GRL,0.19023199023199022,5,2020,2024,Greenland,GL,2,6,0.19023199023199022,0.19023199023199022,100.0,5,1.2,5,100.0
MAR,0.1875,1,2025,2025,Morocco,MA,4,6,0.15625,0.09375,60.0,1,6.0,1,100.0
BRB,0.17540052489862581,9,2019,2025,Barbados,BB,2,9,0.17540052489862581,0.0,0.0,9,1.0,9,100.0
MKD,0.1460213131598184,10,2018,2025,North Macedonia,MK,10,17,0.1460213131598184,0.07436574103894007,50.928004569817666,10,1.7,9,111.11111111111111
MTQ,0.14285714285714285,2,2024,2024,Martinique,MQ,1,2,0.14285714285714285,0.0,0.0,2,1.0,2,100.0
ECU,0.14285714285714285,2,2025,2025,Ecuador,EC,1,2,0.14285714285714285,0.0,0.0,2,1.0,2,100.0
REU,0.13596491228070173,2,2022,2022,Reunion,RE,2,3,0.13596491228070173,0.13596491228070173,100.0,2,1.5,2,100.0
NPL,0.12698412698412698,2,2022,2022,Nepal,NP,1,2,0.12698412698412698,0.12698412698412698,100.0,2,1.0,2,100.0
PHL,0.11650027892048187,13,2016,2025,Philippines,PH,5,15,0.07302201805091665,0.04362799987362852,59.746362861688745,13,1.1538461538461537,13,100.0
GRD,0.1111111111111111,1,2021,2021,Grenada,GD,1,1,0.1111111111111111,0.0,0.0,1,1.0,1,100.0
LCA,0.10357142857142858,1,2016,2016,Saint Lucia,LC,4,5,0.10357142857142858,0.05,48.275862068965516,1,5.0,1,100.0
JAM,0.10343584714294096,5,2018,2024,Jamaica,JM,3,6,0.10343584714294096,0.0,0.0,5,1.2,5,100.0
DOM,0.1,1,2024,2024,Dominican Republic,DO,3,3,0.06666666666666667,0.03333333333333333,50.0,1,3.0,1,100.0
KAZ,0.09551485551485553,4,2019,2025,Kazakhstan,KZ,9,9,0.09551485551485552,0.06625559625559627,69.36679734106018,4,2.25,3,133.33333333333334
FRO,0.09090909090909091,1,2017,2017,Faroe Islands,FO,2,2,,,,1,2.0,1,100.0
TZA,0.09090909090909091,1,2025,2025,Tanzania,TZ,3,3,0.09090909090909091,0.0,0.0,1,3.0,1,100.0
PNG,0.07894736842105263,1,2022,2022,Papua New Guinea,PG,2,2,0.07894736842105263,0.0,0.0,1,2.0,1,100.0
BLR,0.07229163002240989,10,2018,2025,Belarus,BY,2,14,0.07229163002240989,0.07229163002240989,100.0,10,1.4,10,100.0
KGZ,0.07142857142857142,1,2025,2025,Kyrgyzstan,KG,1,1,0.07142857142857142,0.07142857142857142,100.0,1,1.0,1,100.0
CUB,0.0704070407040704,2,2022,2023,Cuba,CU,5,5,0.05555555555555555,0.0,0.0,2,2.5,2,100.0
COG,0.0625,1,2021,2021,Republic of the Congo,CG,1,1,,,,1,1.0,1,100.0
HTI,0.0625,1,2025,2025,Haiti,HT,2,2,0.0625,0.0,0.0,1,2.0,1,100.0
TUN,0.043478260869565216,1,2023,2023,Tunisia,TN,1,1,0.043478260869565216,0.043478260869565216,100.0,1,1.0,1,100.0
MMR,0.041666666666666664,1,2024,2024,Myanmar,MM,1,1,,,,1,1.0,1,100.0
LIE,0.03294498764774462,9,2017,2025,Liechtenstein,LI,1,9,0.03294498764774462,0.0,0.0,9,1.0,8,112.5
MOZ,0.03125,1,2025,2025,Mozambique,MZ,1,1,0.03125,0.0,0.0,1,1.0,1,100.0
PSE,0.02631578947368421,1,2020,2020,Palestinian Territory,PS,1,1,0.02631578947368421,0.02631578947368421,100.0,1,1.0,1,100.0
MUS,0.020833333333333332,1,2022,2022,Mauritius,MU,1,1,0.020833333333333332,0.020833333333333332,99.99999999999999,1,1.0,1,100.0
DZA,0.010752688172043012,1,2024,2024,Algeria,DZ,1,1,0.010752688172043012,0.0,0.0,1,1.0,1,100.0
ARM,0.008849557522123894,1,2025,2025,Armenia,AM,1,1,0.008849557522123894,0.008849557522123894,100.0,1,1.0,1,100.0
SLV,0.002564102564102564,1,2022,2022,El Salvador,SV,1,1,0.002564102564102564,0.002564102564102564,99.99999999999999,1,1.0,1,100.0
