component_rank,component,component_size,component_class
1,0,59091,Giant component
2,12,55,Intermediate (6-55)
3,334,49,Intermediate (6-55)
4,19,48,Intermediate (6-55)
5,118,48,Intermediate (6-55)
6,35,43,Intermediate (6-55)
7,224,43,Intermediate (6-55)
8,234,39,Intermediate (6-55)
9,482,38,Intermediate (6-55)
10,624,37,Intermediate (6-55)
11,87,36,Intermediate (6-55)
12,29,35,Intermediate (6-55)
13,364,34,Intermediate (6-55)
14,56,33,Intermediate (6-55)
15,173,33,Intermediate (6-55)
16,246,32,Intermediate (6-55)
17,159,31,Intermediate (6-55)
18,321,31,Intermediate (6-55)
19,1,29,Intermediate (6-55)
20,124,29,Intermediate (6-55)
21,323,29,Intermediate (6-55)
22,332,29,Intermediate (6-55)
23,148,28,Intermediate (6-55)
24,507,27,Intermediate (6-55)
25,95,26,Intermediate (6-55)
26,64,25,Intermediate (6-55)
27,272,25,Intermediate (6-55)
28,363,25,Intermediate (6-55)
29,125,24,Intermediate (6-55)
30,580,24,Intermediate (6-55)
31,251,23,Intermediate (6-55)
32,278,23,Intermediate (6-55)
33,688,23,Intermediate (6-55)
34,27,21,Intermediate (6-55)
35,47,21,Intermediate (6-55)
36,74,21,Intermediate (6-55)
37,201,21,Intermediate (6-55)
38,239,21,Intermediate (6-55)
39,378,21,Intermediate (6-55)
40,489,21,Intermediate (6-55)
41,8,20,Intermediate (6-55)
42,33,20,Intermediate (6-55)
43,57,20,Intermediate (6-55)
44,135,20,Intermediate (6-55)
45,5,19,Intermediate (6-55)
46,37,19,Intermediate (6-55)
47,244,19,Intermediate (6-55)
48,287,19,Intermediate (6-55)
49,499,19,Intermediate (6-55)
50,676,19,Intermediate (6-55)
51,716,19,Intermediate (6-55)
52,121,18,Intermediate (6-55)
53,182,18,Intermediate (6-55)
54,637,18,Intermediate (6-55)
55,920,18,Intermediate (6-55)
56,28,17,Intermediate (6-55)
57,298,17,Intermediate (6-55)
58,324,17,Intermediate (6-55)
59,354,17,Intermediate (6-55)
60,529,17,Intermediate (6-55)
61,560,17,Intermediate (6-55)
62,627,17,Intermediate (6-55)
63,764,17,Intermediate (6-55)
64,844,17,Intermediate (6-55)
65,98,16,Intermediate (6-55)
66,109,16,Intermediate (6-55)
67,160,16,Intermediate (6-55)
68,417,16,Intermediate (6-55)
69,461,16,Intermediate (6-55)
70,546,16,Intermediate (6-55)
71,558,16,Intermediate (6-55)
72,564,16,Intermediate (6-55)
73,603,16,Intermediate (6-55)
74,662,16,Intermediate (6-55)
75,681,16,Intermediate (6-55)
76,693,16,Intermediate (6-55)
77,763,16,Intermediate (6-55)
78,774,16,Intermediate (6-55)
79,827,16,Intermediate (6-55)
80,99,15,Intermediate (6-55)
81,126,15,Intermediate (6-55)
82,191,15,Intermediate (6-55)
83,206,15,Intermediate (6-55)
84,211,15,Intermediate (6-55)
85,242,15,Intermediate (6-55)
86,386,15,Intermediate (6-55)
87,487,15,Intermediate (6-55)
88,575,15,Intermediate (6-55)
89,577,15,Intermediate (6-55)
90,636,15,Intermediate (6-55)
91,727,15,Intermediate (6-55)
92,879,15,Intermediate (6-55)
93,36,14,Intermediate (6-55)
94,113,14,Intermediate (6-55)
95,236,14,Intermediate (6-55)
96,288,14,Intermediate (6-55)
97,297,14,Intermediate (6-55)
98,465,14,Intermediate (6-55)
99,505,14,Intermediate (6-55)
100,559,14,Intermediate (6-55)
101,569,14,Intermediate (6-55)
102,599,14,Intermediate (6-55)
103,721,14,Intermediate (6-55)
104,747,14,Intermediate (6-55)
105,870,14,Intermediate (6-55)
106,3,13,Intermediate (6-55)
107,7,13,Intermediate (6-55)
108,132,13,Intermediate (6-55)
109,140,13,Intermediate (6-55)
110,243,13,Intermediate (6-55)
111,266,13,Intermediate (6-55)
112,277,13,Intermediate (6-55)
113,301,13,Intermediate (6-55)
114,355,13,Intermediate (6-55)
115,416,13,Intermediate (6-55)
116,492,13,Intermediate (6-55)
117,526,13,Intermediate (6-55)
118,590,13,Intermediate (6-55)
119,600,13,Intermediate (6-55)
120,673,13,Intermediate (6-55)
121,742,13,Intermediate (6-55)
122,875,13,Intermediate (6-55)
123,1012,13,Intermediate (6-55)
124,1458,13,Intermediate (6-55)
125,16,12,Intermediate (6-55)
126,102,12,Intermediate (6-55)
127,198,12,Intermediate (6-55)
128,205,12,Intermediate (6-55)
129,215,12,Intermediate (6-55)
130,274,12,Intermediate (6-55)
131,279,12,Intermediate (6-55)
132,295,12,Intermediate (6-55)
133,346,12,Intermediate (6-55)
134,347,12,Intermediate (6-55)
135,351,12,Intermediate (6-55)
136,353,12,Intermediate (6-55)
137,391,12,Intermediate (6-55)
138,400,12,Intermediate (6-55)
139,430,12,Intermediate (6-55)
140,440,12,Intermediate (6-55)
141,506,12,Intermediate (6-55)
142,586,12,Intermediate (6-55)
143,589,12,Intermediate (6-55)
144,654,12,Intermediate (6-55)
145,671,12,Intermediate (6-55)
146,711,12,Intermediate (6-55)
147,746,12,Intermediate (6-55)
148,886,12,Intermediate (6-55)
149,955,12,Intermediate (6-55)
150,1007,12,Intermediate (6-55)
151,1022,12,Intermediate (6-55)
152,1222,12,Intermediate (6-55)
153,2,11,Intermediate (6-55)
154,111,11,Intermediate (6-55)
155,136,11,Intermediate (6-55)
156,155,11,Intermediate (6-55)
157,221,11,Intermediate (6-55)
158,255,11,Intermediate (6-55)
159,265,11,Intermediate (6-55)
160,311,11,Intermediate (6-55)
161,419,11,Intermediate (6-55)
162,433,11,Intermediate (6-55)
163,443,11,Intermediate (6-55)
164,504,11,Intermediate (6-55)
165,552,11,Intermediate (6-55)
166,585,11,Intermediate (6-55)
167,619,11,Intermediate (6-55)
168,710,11,Intermediate (6-55)
169,766,11,Intermediate (6-55)
170,803,11,Intermediate (6-55)
171,816,11,Intermediate (6-55)
172,978,11,Intermediate (6-55)
173,1027,11,Intermediate (6-55)
174,1255,11,Intermediate (6-55)
175,10,10,Intermediate (6-55)
176,43,10,Intermediate (6-55)
177,59,10,Intermediate (6-55)
178,103,10,Intermediate (6-55)
179,116,10,Intermediate (6-55)
180,138,10,Intermediate (6-55)
181,143,10,Intermediate (6-55)
182,153,10,Intermediate (6-55)
183,168,10,Intermediate (6-55)
184,175,10,Intermediate (6-55)
185,181,10,Intermediate (6-55)
186,253,10,Intermediate (6-55)
187,263,10,Intermediate (6-55)
188,285,10,Intermediate (6-55)
189,333,10,Intermediate (6-55)
190,341,10,Intermediate (6-55)
191,374,10,Intermediate (6-55)
192,401,10,Intermediate (6-55)
193,426,10,Intermediate (6-55)
194,463,10,Intermediate (6-55)
195,478,10,Intermediate (6-55)
196,537,10,Intermediate (6-55)
197,554,10,Intermediate (6-55)
198,618,10,Intermediate (6-55)
199,629,10,Intermediate (6-55)
200,650,10,Intermediate (6-55)
201,690,10,Intermediate (6-55)
202,767,10,Intermediate (6-55)
203,806,10,Intermediate (6-55)
204,843,10,Intermediate (6-55)
205,856,10,Intermediate (6-55)
206,866,10,Intermediate (6-55)
207,869,10,Intermediate (6-55)
208,892,10,Intermediate (6-55)
209,901,10,Intermediate (6-55)
210,913,10,Intermediate (6-55)
211,923,10,Intermediate (6-55)
212,924,10,Intermediate (6-55)
213,1008,10,Intermediate (6-55)
214,1009,10,Intermediate (6-55)
215,1010,10,Intermediate (6-55)
216,1023,10,Intermediate (6-55)
217,1065,10,Intermediate (6-55)
218,1094,10,Intermediate (6-55)
219,1115,10,Intermediate (6-55)
220,1173,10,Intermediate (6-55)
221,1176,10,Intermediate (6-55)
222,1183,10,Intermediate (6-55)
223,4,9,Intermediate (6-55)
224,21,9,Intermediate (6-55)
225,32,9,Intermediate (6-55)
226,82,9,Intermediate (6-55)
227,92,9,Intermediate (6-55)
228,110,9,Intermediate (6-55)
229,134,9,Intermediate (6-55)
230,151,9,Intermediate (6-55)
231,164,9,Intermediate (6-55)
232,172,9,Intermediate (6-55)
233,197,9,Intermediate (6-55)
234,200,9,Intermediate (6-55)
235,222,9,Intermediate (6-55)
236,226,9,Intermediate (6-55)
237,227,9,Intermediate (6-55)
238,259,9,Intermediate (6-55)
239,261,9,Intermediate (6-55)
240,270,9,Intermediate (6-55)
241,303,9,Intermediate (6-55)
242,318,9,Intermediate (6-55)
243,319,9,Intermediate (6-55)
244,329,9,Intermediate (6-55)
245,335,9,Intermediate (6-55)
246,336,9,Intermediate (6-55)
247,372,9,Intermediate (6-55)
248,383,9,Intermediate (6-55)
249,392,9,Intermediate (6-55)
250,402,9,Intermediate (6-55)
251,406,9,Intermediate (6-55)
252,407,9,Intermediate (6-55)
253,411,9,Intermediate (6-55)
254,422,9,Intermediate (6-55)
255,436,9,Intermediate (6-55)
256,446,9,Intermediate (6-55)
257,467,9,Intermediate (6-55)
258,470,9,Intermediate (6-55)
259,471,9,Intermediate (6-55)
260,475,9,Intermediate (6-55)
261,483,9,Intermediate (6-55)
262,494,9,Intermediate (6-55)
263,527,9,Intermediate (6-55)
264,555,9,Intermediate (6-55)
265,583,9,Intermediate (6-55)
266,608,9,Intermediate (6-55)
267,609,9,Intermediate (6-55)
268,652,9,Intermediate (6-55)
269,680,9,Intermediate (6-55)
270,687,9,Intermediate (6-55)
271,689,9,Intermediate (6-55)
272,698,9,Intermediate (6-55)
273,705,9,Intermediate (6-55)
274,717,9,Intermediate (6-55)
275,729,9,Intermediate (6-55)
276,736,9,Intermediate (6-55)
277,749,9,Intermediate (6-55)
278,751,9,Intermediate (6-55)
279,757,9,Intermediate (6-55)
280,765,9,Intermediate (6-55)
281,768,9,Intermediate (6-55)
282,779,9,Intermediate (6-55)
283,797,9,Intermediate (6-55)
284,813,9,Intermediate (6-55)
285,829,9,Intermediate (6-55)
286,835,9,Intermediate (6-55)
287,842,9,Intermediate (6-55)
288,893,9,Intermediate (6-55)
289,903,9,Intermediate (6-55)
290,909,9,Intermediate (6-55)
291,928,9,Intermediate (6-55)
292,963,9,Intermediate (6-55)
293,965,9,Intermediate (6-55)
294,966,9,Intermediate (6-55)
295,980,9,Intermediate (6-55)
296,998,9,Intermediate (6-55)
297,999,9,Intermediate (6-55)
298,1024,9,Intermediate (6-55)
299,1028,9,Intermediate (6-55)
300,1031,9,Intermediate (6-55)
301,1080,9,Intermediate (6-55)
302,1084,9,Intermediate (6-55)
303,1103,9,Intermediate (6-55)
304,1122,9,Intermediate (6-55)
305,1193,9,Intermediate (6-55)
306,1198,9,Intermediate (6-55)
307,1201,9,Intermediate (6-55)
308,1247,9,Intermediate (6-55)
309,1270,9,Intermediate (6-55)
310,1302,9,Intermediate (6-55)
311,1317,9,Intermediate (6-55)
312,1321,9,Intermediate (6-55)
313,1434,9,Intermediate (6-55)
314,1491,9,Intermediate (6-55)
315,42,8,Intermediate (6-55)
316,46,8,Intermediate (6-55)
317,66,8,Intermediate (6-55)
318,76,8,Intermediate (6-55)
319,120,8,Intermediate (6-55)
320,146,8,Intermediate (6-55)
321,179,8,Intermediate (6-55)
322,195,8,Intermediate (6-55)
323,199,8,Intermediate (6-55)
324,203,8,Intermediate (6-55)
325,207,8,Intermediate (6-55)
326,248,8,Intermediate (6-55)
327,268,8,Intermediate (6-55)
328,273,8,Intermediate (6-55)
329,275,8,Intermediate (6-55)
330,276,8,Intermediate (6-55)
331,289,8,Intermediate (6-55)
332,312,8,Intermediate (6-55)
333,314,8,Intermediate (6-55)
334,327,8,Intermediate (6-55)
335,330,8,Intermediate (6-55)
336,331,8,Intermediate (6-55)
337,361,8,Intermediate (6-55)
338,362,8,Intermediate (6-55)
339,393,8,Intermediate (6-55)
340,408,8,Intermediate (6-55)
341,409,8,Intermediate (6-55)
342,448,8,Intermediate (6-55)
343,449,8,Intermediate (6-55)
344,477,8,Intermediate (6-55)
345,485,8,Intermediate (6-55)
346,490,8,Intermediate (6-55)
347,502,8,Intermediate (6-55)
348,516,8,Intermediate (6-55)
349,518,8,Intermediate (6-55)
350,532,8,Intermediate (6-55)
351,545,8,Intermediate (6-55)
352,549,8,Intermediate (6-55)
353,570,8,Intermediate (6-55)
354,571,8,Intermediate (6-55)
355,574,8,Intermediate (6-55)
356,591,8,Intermediate (6-55)
357,604,8,Intermediate (6-55)
358,610,8,Intermediate (6-55)
359,641,8,Intermediate (6-55)
360,646,8,Intermediate (6-55)
361,649,8,Intermediate (6-55)
362,668,8,Intermediate (6-55)
363,675,8,Intermediate (6-55)
364,702,8,Intermediate (6-55)
365,704,8,Intermediate (6-55)
366,714,8,Intermediate (6-55)
367,715,8,Intermediate (6-55)
368,720,8,Intermediate (6-55)
369,728,8,Intermediate (6-55)
370,731,8,Intermediate (6-55)
371,732,8,Intermediate (6-55)
372,745,8,Intermediate (6-55)
373,769,8,Intermediate (6-55)
374,826,8,Intermediate (6-55)
375,830,8,Intermediate (6-55)
376,838,8,Intermediate (6-55)
377,849,8,Intermediate (6-55)
378,851,8,Intermediate (6-55)
379,858,8,Intermediate (6-55)
380,925,8,Intermediate (6-55)
381,930,8,Intermediate (6-55)
382,932,8,Intermediate (6-55)
383,933,8,Intermediate (6-55)
384,943,8,Intermediate (6-55)
385,961,8,Intermediate (6-55)
386,976,8,Intermediate (6-55)
387,979,8,Intermediate (6-55)
388,1017,8,Intermediate (6-55)
389,1019,8,Intermediate (6-55)
390,1043,8,Intermediate (6-55)
391,1056,8,Intermediate (6-55)
392,1085,8,Intermediate (6-55)
393,1088,8,Intermediate (6-55)
394,1109,8,Intermediate (6-55)
395,1131,8,Intermediate (6-55)
396,1147,8,Intermediate (6-55)
397,1148,8,Intermediate (6-55)
398,1191,8,Intermediate (6-55)
399,1205,8,Intermediate (6-55)
400,1221,8,Intermediate (6-55)
401,1230,8,Intermediate (6-55)
402,1310,8,Intermediate (6-55)
403,1312,8,Intermediate (6-55)
404,1318,8,Intermediate (6-55)
405,1484,8,Intermediate (6-55)
406,1489,8,Intermediate (6-55)
407,11,7,Intermediate (6-55)
408,20,7,Intermediate (6-55)
409,23,7,Intermediate (6-55)
410,38,7,Intermediate (6-55)
411,48,7,Intermediate (6-55)
412,50,7,Intermediate (6-55)
413,55,7,Intermediate (6-55)
414,58,7,Intermediate (6-55)
415,63,7,Intermediate (6-55)
416,81,7,Intermediate (6-55)
417,89,7,Intermediate (6-55)
418,94,7,Intermediate (6-55)
419,96,7,Intermediate (6-55)
420,117,7,Intermediate (6-55)
421,122,7,Intermediate (6-55)
422,123,7,Intermediate (6-55)
423,129,7,Intermediate (6-55)
424,145,7,Intermediate (6-55)
425,147,7,Intermediate (6-55)
426,150,7,Intermediate (6-55)
427,152,7,Intermediate (6-55)
428,157,7,Intermediate (6-55)
429,163,7,Intermediate (6-55)
430,166,7,Intermediate (6-55)
431,176,7,Intermediate (6-55)
432,177,7,Intermediate (6-55)
433,178,7,Intermediate (6-55)
434,189,7,Intermediate (6-55)
435,193,7,Intermediate (6-55)
436,196,7,Intermediate (6-55)
437,237,7,Intermediate (6-55)
438,238,7,Intermediate (6-55)
439,241,7,Intermediate (6-55)
440,250,7,Intermediate (6-55)
441,262,7,Intermediate (6-55)
442,284,7,Intermediate (6-55)
443,292,7,Intermediate (6-55)
444,293,7,Intermediate (6-55)
445,294,7,Intermediate (6-55)
446,299,7,Intermediate (6-55)
447,308,7,Intermediate (6-55)
448,316,7,Intermediate (6-55)
449,338,7,Intermediate (6-55)
450,339,7,Intermediate (6-55)
451,366,7,Intermediate (6-55)
452,388,7,Intermediate (6-55)
453,395,7,Intermediate (6-55)
454,403,7,Intermediate (6-55)
455,404,7,Intermediate (6-55)
456,420,7,Intermediate (6-55)
457,429,7,Intermediate (6-55)
458,434,7,Intermediate (6-55)
459,451,7,Intermediate (6-55)
460,468,7,Intermediate (6-55)
461,493,7,Intermediate (6-55)
462,496,7,Intermediate (6-55)
463,500,7,Intermediate (6-55)
464,515,7,Intermediate (6-55)
465,522,7,Intermediate (6-55)
466,530,7,Intermediate (6-55)
467,536,7,Intermediate (6-55)
468,540,7,Intermediate (6-55)
469,543,7,Intermediate (6-55)
470,548,7,Intermediate (6-55)
471,573,7,Intermediate (6-55)
472,595,7,Intermediate (6-55)
473,626,7,Intermediate (6-55)
474,640,7,Intermediate (6-55)
475,653,7,Intermediate (6-55)
476,672,7,Intermediate (6-55)
477,685,7,Intermediate (6-55)
478,691,7,Intermediate (6-55)
479,713,7,Intermediate (6-55)
480,719,7,Intermediate (6-55)
481,733,7,Intermediate (6-55)
482,740,7,Intermediate (6-55)
483,744,7,Intermediate (6-55)
484,787,7,Intermediate (6-55)
485,792,7,Intermediate (6-55)
486,808,7,Intermediate (6-55)
487,817,7,Intermediate (6-55)
488,836,7,Intermediate (6-55)
489,840,7,Intermediate (6-55)
490,878,7,Intermediate (6-55)
491,894,7,Intermediate (6-55)
492,896,7,Intermediate (6-55)
493,899,7,Intermediate (6-55)
494,907,7,Intermediate (6-55)
495,915,7,Intermediate (6-55)
496,926,7,Intermediate (6-55)
497,938,7,Intermediate (6-55)
498,941,7,Intermediate (6-55)
499,946,7,Intermediate (6-55)
500,983,7,Intermediate (6-55)
501,984,7,Intermediate (6-55)
502,988,7,Intermediate (6-55)
503,991,7,Intermediate (6-55)
504,1015,7,Intermediate (6-55)
505,1018,7,Intermediate (6-55)
506,1021,7,Intermediate (6-55)
507,1038,7,Intermediate (6-55)
508,1045,7,Intermediate (6-55)
509,1046,7,Intermediate (6-55)
510,1066,7,Intermediate (6-55)
511,1075,7,Intermediate (6-55)
512,1076,7,Intermediate (6-55)
513,1114,7,Intermediate (6-55)
514,1132,7,Intermediate (6-55)
515,1135,7,Intermediate (6-55)
516,1158,7,Intermediate (6-55)
517,1182,7,Intermediate (6-55)
518,1206,7,Intermediate (6-55)
519,1211,7,Intermediate (6-55)
520,1236,7,Intermediate (6-55)
521,1246,7,Intermediate (6-55)
522,1284,7,Intermediate (6-55)
523,1291,7,Intermediate (6-55)
524,1330,7,Intermediate (6-55)
525,1343,7,Intermediate (6-55)
526,1348,7,Intermediate (6-55)
527,1370,7,Intermediate (6-55)
528,1388,7,Intermediate (6-55)
529,1401,7,Intermediate (6-55)
530,1425,7,Intermediate (6-55)
531,1470,7,Intermediate (6-55)
532,1481,7,Intermediate (6-55)
533,1494,7,Intermediate (6-55)
534,6,6,Intermediate (6-55)
535,17,6,Intermediate (6-55)
536,25,6,Intermediate (6-55)
537,41,6,Intermediate (6-55)
538,62,6,Intermediate (6-55)
539,65,6,Intermediate (6-55)
540,69,6,Intermediate (6-55)
541,70,6,Intermediate (6-55)
542,75,6,Intermediate (6-55)
543,77,6,Intermediate (6-55)
544,78,6,Intermediate (6-55)
545,104,6,Intermediate (6-55)
546,112,6,Intermediate (6-55)
547,115,6,Intermediate (6-55)
548,119,6,Intermediate (6-55)
549,137,6,Intermediate (6-55)
550,142,6,Intermediate (6-55)
551,156,6,Intermediate (6-55)
552,158,6,Intermediate (6-55)
553,174,6,Intermediate (6-55)
554,186,6,Intermediate (6-55)
555,190,6,Intermediate (6-55)
556,202,6,Intermediate (6-55)
557,218,6,Intermediate (6-55)
558,225,6,Intermediate (6-55)
559,254,6,Intermediate (6-55)
560,257,6,Intermediate (6-55)
561,258,6,Intermediate (6-55)
562,264,6,Intermediate (6-55)
563,267,6,Intermediate (6-55)
564,271,6,Intermediate (6-55)
565,283,6,Intermediate (6-55)
566,286,6,Intermediate (6-55)
567,291,6,Intermediate (6-55)
568,307,6,Intermediate (6-55)
569,337,6,Intermediate (6-55)
570,371,6,Intermediate (6-55)
571,379,6,Intermediate (6-55)
572,380,6,Intermediate (6-55)
573,387,6,Intermediate (6-55)
574,397,6,Intermediate (6-55)
575,412,6,Intermediate (6-55)
576,413,6,Intermediate (6-55)
577,414,6,Intermediate (6-55)
578,421,6,Intermediate (6-55)
579,438,6,Intermediate (6-55)
580,453,6,Intermediate (6-55)
581,455,6,Intermediate (6-55)
582,457,6,Intermediate (6-55)
583,458,6,Intermediate (6-55)
584,459,6,Intermediate (6-55)
585,462,6,Intermediate (6-55)
586,464,6,Intermediate (6-55)
587,466,6,Intermediate (6-55)
588,469,6,Intermediate (6-55)
589,486,6,Intermediate (6-55)
590,501,6,Intermediate (6-55)
591,508,6,Intermediate (6-55)
592,513,6,Intermediate (6-55)
593,521,6,Intermediate (6-55)
594,534,6,Intermediate (6-55)
595,538,6,Intermediate (6-55)
596,541,6,Intermediate (6-55)
597,556,6,Intermediate (6-55)
598,578,6,Intermediate (6-55)
599,581,6,Intermediate (6-55)
600,582,6,Intermediate (6-55)
601,613,6,Intermediate (6-55)
602,614,6,Intermediate (6-55)
603,620,6,Intermediate (6-55)
604,623,6,Intermediate (6-55)
605,628,6,Intermediate (6-55)
606,631,6,Intermediate (6-55)
607,634,6,Intermediate (6-55)
608,643,6,Intermediate (6-55)
609,651,6,Intermediate (6-55)
610,657,6,Intermediate (6-55)
611,665,6,Intermediate (6-55)
612,670,6,Intermediate (6-55)
613,679,6,Intermediate (6-55)
614,686,6,Intermediate (6-55)
615,692,6,Intermediate (6-55)
616,697,6,Intermediate (6-55)
617,701,6,Intermediate (6-55)
618,709,6,Intermediate (6-55)
619,737,6,Intermediate (6-55)
620,738,6,Intermediate (6-55)
621,741,6,Intermediate (6-55)
622,755,6,Intermediate (6-55)
623,760,6,Intermediate (6-55)
624,775,6,Intermediate (6-55)
625,776,6,Intermediate (6-55)
626,785,6,Intermediate (6-55)
627,786,6,Intermediate (6-55)
628,790,6,Intermediate (6-55)
629,796,6,Intermediate (6-55)
630,809,6,Intermediate (6-55)
631,820,6,Intermediate (6-55)
632,831,6,Intermediate (6-55)
633,846,6,Intermediate (6-55)
634,850,6,Intermediate (6-55)
635,853,6,Intermediate (6-55)
636,880,6,Intermediate (6-55)
637,895,6,Intermediate (6-55)
638,905,6,Intermediate (6-55)
639,906,6,Intermediate (6-55)
640,911,6,Intermediate (6-55)
641,929,6,Intermediate (6-55)
642,931,6,Intermediate (6-55)
643,951,6,Intermediate (6-55)
644,956,6,Intermediate (6-55)
645,964,6,Intermediate (6-55)
646,967,6,Intermediate (6-55)
647,1000,6,Intermediate (6-55)
648,1003,6,Intermediate (6-55)
649,1006,6,Intermediate (6-55)
650,1016,6,Intermediate (6-55)
651,1030,6,Intermediate (6-55)
652,1035,6,Intermediate (6-55)
653,1037,6,Intermediate (6-55)
654,1048,6,Intermediate (6-55)
655,1051,6,Intermediate (6-55)
656,1054,6,Intermediate (6-55)
657,1078,6,Intermediate (6-55)
658,1079,6,Intermediate (6-55)
659,1081,6,Intermediate (6-55)
660,1083,6,Intermediate (6-55)
661,1090,6,Intermediate (6-55)
662,1093,6,Intermediate (6-55)
663,1097,6,Intermediate (6-55)
664,1127,6,Intermediate (6-55)
665,1128,6,Intermediate (6-55)
666,1143,6,Intermediate (6-55)
667,1151,6,Intermediate (6-55)
668,1153,6,Intermediate (6-55)
669,1172,6,Intermediate (6-55)
670,1223,6,Intermediate (6-55)
671,1225,6,Intermediate (6-55)
672,1251,6,Intermediate (6-55)
673,1267,6,Intermediate (6-55)
674,1269,6,Intermediate (6-55)
675,1289,6,Intermediate (6-55)
676,1296,6,Intermediate (6-55)
677,1303,6,Intermediate (6-55)
678,1325,6,Intermediate (6-55)
679,1336,6,Intermediate (6-55)
680,1344,6,Intermediate (6-55)
681,1347,6,Intermediate (6-55)
682,1413,6,Intermediate (6-55)
683,1420,6,Intermediate (6-55)
684,1459,6,Intermediate (6-55)
685,1559,6,Intermediate (6-55)
686,1598,6,Intermediate (6-55)
687,1696,6,Intermediate (6-55)
688,14,5,Small (2-5)
689,31,5,Small (2-5)
690,39,5,Small (2-5)
691,40,5,Small (2-5)
692,51,5,Small (2-5)
693,54,5,Small (2-5)
694,60,5,Small (2-5)
695,67,5,Small (2-5)
696,68,5,Small (2-5)
697,71,5,Small (2-5)
698,79,5,Small (2-5)
699,80,5,Small (2-5)
700,85,5,Small (2-5)
701,88,5,Small (2-5)
702,100,5,Small (2-5)
703,105,5,Small (2-5)
704,154,5,Small (2-5)
705,161,5,Small (2-5)
706,185,5,Small (2-5)
707,187,5,Small (2-5)
708,194,5,Small (2-5)
709,214,5,Small (2-5)
710,216,5,Small (2-5)
711,230,5,Small (2-5)
712,260,5,Small (2-5)
713,269,5,Small (2-5)
714,282,5,Small (2-5)
715,296,5,Small (2-5)
716,305,5,Small (2-5)
717,306,5,Small (2-5)
718,309,5,Small (2-5)
719,313,5,Small (2-5)
720,322,5,Small (2-5)
721,328,5,Small (2-5)
722,344,5,Small (2-5)
723,349,5,Small (2-5)
724,350,5,Small (2-5)
725,368,5,Small (2-5)
726,373,5,Small (2-5)
727,376,5,Small (2-5)
728,384,5,Small (2-5)
729,385,5,Small (2-5)
730,390,5,Small (2-5)
731,398,5,Small (2-5)
732,410,5,Small (2-5)
733,415,5,Small (2-5)
734,427,5,Small (2-5)
735,432,5,Small (2-5)
736,435,5,Small (2-5)
737,439,5,Small (2-5)
738,445,5,Small (2-5)
739,454,5,Small (2-5)
740,472,5,Small (2-5)
741,503,5,Small (2-5)
742,510,5,Small (2-5)
743,524,5,Small (2-5)
744,531,5,Small (2-5)
745,533,5,Small (2-5)
746,539,5,Small (2-5)
747,557,5,Small (2-5)
748,566,5,Small (2-5)
749,568,5,Small (2-5)
750,592,5,Small (2-5)
751,597,5,Small (2-5)
752,615,5,Small (2-5)
753,616,5,Small (2-5)
754,648,5,Small (2-5)
755,655,5,Small (2-5)
756,660,5,Small (2-5)
757,674,5,Small (2-5)
758,694,5,Small (2-5)
759,695,5,Small (2-5)
760,703,5,Small (2-5)
761,708,5,Small (2-5)
762,722,5,Small (2-5)
763,724,5,Small (2-5)
764,725,5,Small (2-5)
765,748,5,Small (2-5)
766,756,5,Small (2-5)
767,759,5,Small (2-5)
768,761,5,Small (2-5)
769,762,5,Small (2-5)
770,778,5,Small (2-5)
771,795,5,Small (2-5)
772,799,5,Small (2-5)
773,805,5,Small (2-5)
774,810,5,Small (2-5)
775,818,5,Small (2-5)
776,821,5,Small (2-5)
777,822,5,Small (2-5)
778,823,5,Small (2-5)
779,824,5,Small (2-5)
780,841,5,Small (2-5)
781,857,5,Small (2-5)
782,867,5,Small (2-5)
783,868,5,Small (2-5)
784,873,5,Small (2-5)
785,874,5,Small (2-5)
786,876,5,Small (2-5)
787,877,5,Small (2-5)
788,881,5,Small (2-5)
789,882,5,Small (2-5)
790,898,5,Small (2-5)
791,912,5,Small (2-5)
792,918,5,Small (2-5)
793,921,5,Small (2-5)
794,927,5,Small (2-5)
795,935,5,Small (2-5)
796,953,5,Small (2-5)
797,958,5,Small (2-5)
798,960,5,Small (2-5)
799,974,5,Small (2-5)
800,981,5,Small (2-5)
801,993,5,Small (2-5)
802,994,5,Small (2-5)
803,996,5,Small (2-5)
804,1001,5,Small (2-5)
805,1014,5,Small (2-5)
806,1020,5,Small (2-5)
807,1032,5,Small (2-5)
808,1041,5,Small (2-5)
809,1042,5,Small (2-5)
810,1050,5,Small (2-5)
811,1063,5,Small (2-5)
812,1068,5,Small (2-5)
813,1070,5,Small (2-5)
814,1072,5,Small (2-5)
815,1098,5,Small (2-5)
816,1100,5,Small (2-5)
817,1101,5,Small (2-5)
818,1118,5,Small (2-5)
819,1119,5,Small (2-5)
820,1123,5,Small (2-5)
821,1125,5,Small (2-5)
822,1133,5,Small (2-5)
823,1149,5,Small (2-5)
824,1156,5,Small (2-5)
825,1165,5,Small (2-5)
826,1166,5,Small (2-5)
827,1178,5,Small (2-5)
828,1180,5,Small (2-5)
829,1181,5,Small (2-5)
830,1185,5,Small (2-5)
831,1194,5,Small (2-5)
832,1199,5,Small (2-5)
833,1202,5,Small (2-5)
834,1203,5,Small (2-5)
835,1209,5,Small (2-5)
836,1213,5,Small (2-5)
837,1217,5,Small (2-5)
838,1226,5,Small (2-5)
839,1233,5,Small (2-5)
840,1234,5,Small (2-5)
841,1237,5,Small (2-5)
842,1239,5,Small (2-5)
843,1249,5,Small (2-5)
844,1254,5,Small (2-5)
845,1257,5,Small (2-5)
846,1258,5,Small (2-5)
847,1259,5,Small (2-5)
848,1260,5,Small (2-5)
849,1261,5,Small (2-5)
850,1262,5,Small (2-5)
851,1264,5,Small (2-5)
852,1266,5,Small (2-5)
853,1275,5,Small (2-5)
854,1278,5,Small (2-5)
855,1280,5,Small (2-5)
856,1281,5,Small (2-5)
857,1285,5,Small (2-5)
858,1293,5,Small (2-5)
859,1295,5,Small (2-5)
860,1297,5,Small (2-5)
861,1304,5,Small (2-5)
862,1309,5,Small (2-5)
863,1313,5,Small (2-5)
864,1315,5,Small (2-5)
865,1329,5,Small (2-5)
866,1333,5,Small (2-5)
867,1338,5,Small (2-5)
868,1345,5,Small (2-5)
869,1353,5,Small (2-5)
870,1355,5,Small (2-5)
871,1365,5,Small (2-5)
872,1367,5,Small (2-5)
873,1369,5,Small (2-5)
874,1373,5,Small (2-5)
875,1383,5,Small (2-5)
876,1410,5,Small (2-5)
877,1421,5,Small (2-5)
878,1423,5,Small (2-5)
879,1437,5,Small (2-5)
880,1448,5,Small (2-5)
881,1457,5,Small (2-5)
882,1485,5,Small (2-5)
883,1492,5,Small (2-5)
884,1496,5,Small (2-5)
885,1507,5,Small (2-5)
886,1511,5,Small (2-5)
887,1514,5,Small (2-5)
888,1518,5,Small (2-5)
889,1528,5,Small (2-5)
890,1535,5,Small (2-5)
891,1565,5,Small (2-5)
892,1585,5,Small (2-5)
893,1593,5,Small (2-5)
894,1645,5,Small (2-5)
895,13,4,Small (2-5)
896,24,4,Small (2-5)
897,26,4,Small (2-5)
898,45,4,Small (2-5)
899,53,4,Small (2-5)
900,83,4,Small (2-5)
901,84,4,Small (2-5)
902,86,4,Small (2-5)
903,91,4,Small (2-5)
904,101,4,Small (2-5)
905,108,4,Small (2-5)
906,127,4,Small (2-5)
907,130,4,Small (2-5)
908,131,4,Small (2-5)
909,149,4,Small (2-5)
910,165,4,Small (2-5)
911,167,4,Small (2-5)
912,180,4,Small (2-5)
913,183,4,Small (2-5)
914,209,4,Small (2-5)
915,228,4,Small (2-5)
916,229,4,Small (2-5)
917,231,4,Small (2-5)
918,233,4,Small (2-5)
919,235,4,Small (2-5)
920,247,4,Small (2-5)
921,290,4,Small (2-5)
922,300,4,Small (2-5)
923,302,4,Small (2-5)
924,310,4,Small (2-5)
925,325,4,Small (2-5)
926,340,4,Small (2-5)
927,356,4,Small (2-5)
928,357,4,Small (2-5)
929,358,4,Small (2-5)
930,367,4,Small (2-5)
931,377,4,Small (2-5)
932,389,4,Small (2-5)
933,394,4,Small (2-5)
934,428,4,Small (2-5)
935,431,4,Small (2-5)
936,444,4,Small (2-5)
937,447,4,Small (2-5)
938,452,4,Small (2-5)
939,456,4,Small (2-5)
940,473,4,Small (2-5)
941,474,4,Small (2-5)
942,479,4,Small (2-5)
943,481,4,Small (2-5)
944,498,4,Small (2-5)
945,511,4,Small (2-5)
946,512,4,Small (2-5)
947,517,4,Small (2-5)
948,519,4,Small (2-5)
949,520,4,Small (2-5)
950,525,4,Small (2-5)
951,528,4,Small (2-5)
952,544,4,Small (2-5)
953,550,4,Small (2-5)
954,561,4,Small (2-5)
955,567,4,Small (2-5)
956,572,4,Small (2-5)
957,576,4,Small (2-5)
958,602,4,Small (2-5)
959,612,4,Small (2-5)
960,621,4,Small (2-5)
961,625,4,Small (2-5)
962,630,4,Small (2-5)
963,632,4,Small (2-5)
964,635,4,Small (2-5)
965,638,4,Small (2-5)
966,644,4,Small (2-5)
967,645,4,Small (2-5)
968,656,4,Small (2-5)
969,664,4,Small (2-5)
970,683,4,Small (2-5)
971,684,4,Small (2-5)
972,699,4,Small (2-5)
973,700,4,Small (2-5)
974,723,4,Small (2-5)
975,726,4,Small (2-5)
976,730,4,Small (2-5)
977,734,4,Small (2-5)
978,743,4,Small (2-5)
979,752,4,Small (2-5)
980,753,4,Small (2-5)
981,770,4,Small (2-5)
982,771,4,Small (2-5)
983,773,4,Small (2-5)
984,789,4,Small (2-5)
985,794,4,Small (2-5)
986,800,4,Small (2-5)
987,811,4,Small (2-5)
988,815,4,Small (2-5)
989,828,4,Small (2-5)
990,834,4,Small (2-5)
991,845,4,Small (2-5)
992,854,4,Small (2-5)
993,860,4,Small (2-5)
994,861,4,Small (2-5)
995,864,4,Small (2-5)
996,872,4,Small (2-5)
997,887,4,Small (2-5)
998,890,4,Small (2-5)
999,916,4,Small (2-5)
1000,922,4,Small (2-5)
1001,934,4,Small (2-5)
1002,936,4,Small (2-5)
1003,937,4,Small (2-5)
1004,944,4,Small (2-5)
1005,947,4,Small (2-5)
1006,948,4,Small (2-5)
1007,949,4,Small (2-5)
1008,950,4,Small (2-5)
1009,952,4,Small (2-5)
1010,959,4,Small (2-5)
1011,982,4,Small (2-5)
1012,990,4,Small (2-5)
1013,992,4,Small (2-5)
1014,1004,4,Small (2-5)
1015,1013,4,Small (2-5)
1016,1034,4,Small (2-5)
1017,1036,4,Small (2-5)
1018,1053,4,Small (2-5)
1019,1067,4,Small (2-5)
1020,1071,4,Small (2-5)
1021,1073,4,Small (2-5)
1022,1077,4,Small (2-5)
1023,1089,4,Small (2-5)
1024,1096,4,Small (2-5)
1025,1102,4,Small (2-5)
1026,1105,4,Small (2-5)
1027,1107,4,Small (2-5)
1028,1111,4,Small (2-5)
1029,1120,4,Small (2-5)
1030,1129,4,Small (2-5)
1031,1137,4,Small (2-5)
1032,1155,4,Small (2-5)
1033,1157,4,Small (2-5)
1034,1162,4,Small (2-5)
1035,1163,4,Small (2-5)
1036,1164,4,Small (2-5)
1037,1171,4,Small (2-5)
1038,1174,4,Small (2-5)
1039,1175,4,Small (2-5)
1040,1177,4,Small (2-5)
1041,1187,4,Small (2-5)
1042,1189,4,Small (2-5)
1043,1197,4,Small (2-5)
1044,1200,4,Small (2-5)
1045,1204,4,Small (2-5)
1046,1207,4,Small (2-5)
1047,1208,4,Small (2-5)
1048,1215,4,Small (2-5)
1049,1235,4,Small (2-5)
1050,1238,4,Small (2-5)
1051,1240,4,Small (2-5)
1052,1244,4,Small (2-5)
1053,1245,4,Small (2-5)
1054,1248,4,Small (2-5)
1055,1253,4,Small (2-5)
1056,1256,4,Small (2-5)
1057,1263,4,Small (2-5)
1058,1271,4,Small (2-5)
1059,1276,4,Small (2-5)
1060,1283,4,Small (2-5)
1061,1286,4,Small (2-5)
1062,1298,4,Small (2-5)
1063,1322,4,Small (2-5)
1064,1324,4,Small (2-5)
1065,1331,4,Small (2-5)
1066,1335,4,Small (2-5)
1067,1339,4,Small (2-5)
1068,1340,4,Small (2-5)
1069,1350,4,Small (2-5)
1070,1354,4,Small (2-5)
1071,1360,4,Small (2-5)
1072,1362,4,Small (2-5)
1073,1368,4,Small (2-5)
1074,1374,4,Small (2-5)
1075,1380,4,Small (2-5)
1076,1385,4,Small (2-5)
1077,1389,4,Small (2-5)
1078,1390,4,Small (2-5)
1079,1391,4,Small (2-5)
1080,1392,4,Small (2-5)
1081,1396,4,Small (2-5)
1082,1398,4,Small (2-5)
1083,1400,4,Small (2-5)
1084,1402,4,Small (2-5)
1085,1404,4,Small (2-5)
1086,1419,4,Small (2-5)
1087,1422,4,Small (2-5)
1088,1428,4,Small (2-5)
1089,1429,4,Small (2-5)
1090,1431,4,Small (2-5)
1091,1439,4,Small (2-5)
1092,1449,4,Small (2-5)
1093,1451,4,Small (2-5)
1094,1464,4,Small (2-5)
1095,1465,4,Small (2-5)
1096,1471,4,Small (2-5)
1097,1474,4,Small (2-5)
1098,1479,4,Small (2-5)
1099,1482,4,Small (2-5)
1100,1483,4,Small (2-5)
1101,1490,4,Small (2-5)
1102,1505,4,Small (2-5)
1103,1519,4,Small (2-5)
1104,1523,4,Small (2-5)
1105,1542,4,Small (2-5)
1106,1546,4,Small (2-5)
1107,1549,4,Small (2-5)
1108,1550,4,Small (2-5)
1109,1551,4,Small (2-5)
1110,1554,4,Small (2-5)
1111,1556,4,Small (2-5)
1112,1576,4,Small (2-5)
1113,1676,4,Small (2-5)
1114,1692,4,Small (2-5)
1115,18,3,Small (2-5)
1116,22,3,Small (2-5)
1117,30,3,Small (2-5)
1118,44,3,Small (2-5)
1119,61,3,Small (2-5)
1120,72,3,Small (2-5)
1121,93,3,Small (2-5)
1122,97,3,Small (2-5)
1123,106,3,Small (2-5)
1124,114,3,Small (2-5)
1125,128,3,Small (2-5)
1126,133,3,Small (2-5)
1127,141,3,Small (2-5)
1128,144,3,Small (2-5)
1129,162,3,Small (2-5)
1130,169,3,Small (2-5)
1131,184,3,Small (2-5)
1132,212,3,Small (2-5)
1133,217,3,Small (2-5)
1134,219,3,Small (2-5)
1135,220,3,Small (2-5)
1136,223,3,Small (2-5)
1137,240,3,Small (2-5)
1138,245,3,Small (2-5)
1139,249,3,Small (2-5)
1140,304,3,Small (2-5)
1141,315,3,Small (2-5)
1142,320,3,Small (2-5)
1143,343,3,Small (2-5)
1144,348,3,Small (2-5)
1145,352,3,Small (2-5)
1146,359,3,Small (2-5)
1147,360,3,Small (2-5)
1148,365,3,Small (2-5)
1149,382,3,Small (2-5)
1150,396,3,Small (2-5)
1151,399,3,Small (2-5)
1152,405,3,Small (2-5)
1153,418,3,Small (2-5)
1154,423,3,Small (2-5)
1155,424,3,Small (2-5)
1156,425,3,Small (2-5)
1157,442,3,Small (2-5)
1158,450,3,Small (2-5)
1159,460,3,Small (2-5)
1160,491,3,Small (2-5)
1161,495,3,Small (2-5)
1162,497,3,Small (2-5)
1163,551,3,Small (2-5)
1164,562,3,Small (2-5)
1165,565,3,Small (2-5)
1166,579,3,Small (2-5)
1167,594,3,Small (2-5)
1168,598,3,Small (2-5)
1169,605,3,Small (2-5)
1170,607,3,Small (2-5)
1171,611,3,Small (2-5)
1172,617,3,Small (2-5)
1173,622,3,Small (2-5)
1174,642,3,Small (2-5)
1175,647,3,Small (2-5)
1176,659,3,Small (2-5)
1177,661,3,Small (2-5)
1178,663,3,Small (2-5)
1179,666,3,Small (2-5)
1180,667,3,Small (2-5)
1181,669,3,Small (2-5)
1182,677,3,Small (2-5)
1183,678,3,Small (2-5)
1184,706,3,Small (2-5)
1185,754,3,Small (2-5)
1186,758,3,Small (2-5)
1187,772,3,Small (2-5)
1188,780,3,Small (2-5)
1189,781,3,Small (2-5)
1190,782,3,Small (2-5)
1191,784,3,Small (2-5)
1192,788,3,Small (2-5)
1193,791,3,Small (2-5)
1194,793,3,Small (2-5)
1195,798,3,Small (2-5)
1196,807,3,Small (2-5)
1197,819,3,Small (2-5)
1198,848,3,Small (2-5)
1199,852,3,Small (2-5)
1200,859,3,Small (2-5)
1201,862,3,Small (2-5)
1202,863,3,Small (2-5)
1203,865,3,Small (2-5)
1204,871,3,Small (2-5)
1205,883,3,Small (2-5)
1206,885,3,Small (2-5)
1207,897,3,Small (2-5)
1208,902,3,Small (2-5)
1209,904,3,Small (2-5)
1210,910,3,Small (2-5)
1211,914,3,Small (2-5)
1212,917,3,Small (2-5)
1213,939,3,Small (2-5)
1214,969,3,Small (2-5)
1215,970,3,Small (2-5)
1216,977,3,Small (2-5)
1217,986,3,Small (2-5)
1218,1044,3,Small (2-5)
1219,1049,3,Small (2-5)
1220,1052,3,Small (2-5)
1221,1060,3,Small (2-5)
1222,1061,3,Small (2-5)
1223,1062,3,Small (2-5)
1224,1082,3,Small (2-5)
1225,1087,3,Small (2-5)
1226,1095,3,Small (2-5)
1227,1106,3,Small (2-5)
1228,1112,3,Small (2-5)
1229,1113,3,Small (2-5)
1230,1116,3,Small (2-5)
1231,1130,3,Small (2-5)
1232,1134,3,Small (2-5)
1233,1138,3,Small (2-5)
1234,1140,3,Small (2-5)
1235,1145,3,Small (2-5)
1236,1152,3,Small (2-5)
1237,1167,3,Small (2-5)
1238,1168,3,Small (2-5)
1239,1170,3,Small (2-5)
1240,1184,3,Small (2-5)
1241,1190,3,Small (2-5)
1242,1192,3,Small (2-5)
1243,1195,3,Small (2-5)
1244,1196,3,Small (2-5)
1245,1210,3,Small (2-5)
1246,1212,3,Small (2-5)
1247,1214,3,Small (2-5)
1248,1218,3,Small (2-5)
1249,1219,3,Small (2-5)
1250,1228,3,Small (2-5)
1251,1229,3,Small (2-5)
1252,1241,3,Small (2-5)
1253,1242,3,Small (2-5)
1254,1243,3,Small (2-5)
1255,1265,3,Small (2-5)
1256,1272,3,Small (2-5)
1257,1273,3,Small (2-5)
1258,1279,3,Small (2-5)
1259,1287,3,Small (2-5)
1260,1290,3,Small (2-5)
1261,1292,3,Small (2-5)
1262,1301,3,Small (2-5)
1263,1306,3,Small (2-5)
1264,1308,3,Small (2-5)
1265,1311,3,Small (2-5)
1266,1314,3,Small (2-5)
1267,1316,3,Small (2-5)
1268,1319,3,Small (2-5)
1269,1323,3,Small (2-5)
1270,1327,3,Small (2-5)
1271,1332,3,Small (2-5)
1272,1337,3,Small (2-5)
1273,1346,3,Small (2-5)
1274,1349,3,Small (2-5)
1275,1357,3,Small (2-5)
1276,1358,3,Small (2-5)
1277,1371,3,Small (2-5)
1278,1376,3,Small (2-5)
1279,1378,3,Small (2-5)
1280,1381,3,Small (2-5)
1281,1384,3,Small (2-5)
1282,1395,3,Small (2-5)
1283,1409,3,Small (2-5)
1284,1415,3,Small (2-5)
1285,1416,3,Small (2-5)
1286,1424,3,Small (2-5)
1287,1426,3,Small (2-5)
1288,1430,3,Small (2-5)
1289,1435,3,Small (2-5)
1290,1436,3,Small (2-5)
1291,1443,3,Small (2-5)
1292,1450,3,Small (2-5)
1293,1454,3,Small (2-5)
1294,1455,3,Small (2-5)
1295,1466,3,Small (2-5)
1296,1468,3,Small (2-5)
1297,1477,3,Small (2-5)
1298,1478,3,Small (2-5)
1299,1493,3,Small (2-5)
1300,1495,3,Small (2-5)
1301,1498,3,Small (2-5)
1302,1501,3,Small (2-5)
1303,1513,3,Small (2-5)
1304,1516,3,Small (2-5)
1305,1522,3,Small (2-5)
1306,1530,3,Small (2-5)
1307,1533,3,Small (2-5)
1308,1534,3,Small (2-5)
1309,1537,3,Small (2-5)
1310,1538,3,Small (2-5)
1311,1539,3,Small (2-5)
1312,1541,3,Small (2-5)
1313,1543,3,Small (2-5)
1314,1553,3,Small (2-5)
1315,1555,3,Small (2-5)
1316,1557,3,Small (2-5)
1317,1568,3,Small (2-5)
1318,1571,3,Small (2-5)
1319,1572,3,Small (2-5)
1320,1581,3,Small (2-5)
1321,1590,3,Small (2-5)
1322,1591,3,Small (2-5)
1323,1592,3,Small (2-5)
1324,1596,3,Small (2-5)
1325,1597,3,Small (2-5)
1326,1604,3,Small (2-5)
1327,1606,3,Small (2-5)
1328,1607,3,Small (2-5)
1329,1609,3,Small (2-5)
1330,1611,3,Small (2-5)
1331,1613,3,Small (2-5)
1332,1618,3,Small (2-5)
1333,1621,3,Small (2-5)
1334,1632,3,Small (2-5)
1335,1653,3,Small (2-5)
1336,1658,3,Small (2-5)
1337,1663,3,Small (2-5)
1338,1679,3,Small (2-5)
1339,1680,3,Small (2-5)
1340,1687,3,Small (2-5)
1341,1693,3,Small (2-5)
1342,1697,3,Small (2-5)
1343,9,2,Small (2-5)
1344,34,2,Small (2-5)
1345,49,2,Small (2-5)
1346,73,2,Small (2-5)
1347,90,2,Small (2-5)
1348,107,2,Small (2-5)
1349,139,2,Small (2-5)
1350,170,2,Small (2-5)
1351,171,2,Small (2-5)
1352,188,2,Small (2-5)
1353,192,2,Small (2-5)
1354,204,2,Small (2-5)
1355,210,2,Small (2-5)
1356,213,2,Small (2-5)
1357,252,2,Small (2-5)
1358,256,2,Small (2-5)
1359,280,2,Small (2-5)
1360,317,2,Small (2-5)
1361,326,2,Small (2-5)
1362,370,2,Small (2-5)
1363,375,2,Small (2-5)
1364,381,2,Small (2-5)
1365,441,2,Small (2-5)
1366,476,2,Small (2-5)
1367,480,2,Small (2-5)
1368,488,2,Small (2-5)
1369,509,2,Small (2-5)
1370,514,2,Small (2-5)
1371,523,2,Small (2-5)
1372,542,2,Small (2-5)
1373,547,2,Small (2-5)
1374,553,2,Small (2-5)
1375,588,2,Small (2-5)
1376,601,2,Small (2-5)
1377,606,2,Small (2-5)
1378,633,2,Small (2-5)
1379,639,2,Small (2-5)
1380,658,2,Small (2-5)
1381,682,2,Small (2-5)
1382,696,2,Small (2-5)
1383,707,2,Small (2-5)
1384,712,2,Small (2-5)
1385,718,2,Small (2-5)
1386,750,2,Small (2-5)
1387,777,2,Small (2-5)
1388,783,2,Small (2-5)
1389,801,2,Small (2-5)
1390,802,2,Small (2-5)
1391,804,2,Small (2-5)
1392,812,2,Small (2-5)
1393,814,2,Small (2-5)
1394,825,2,Small (2-5)
1395,832,2,Small (2-5)
1396,833,2,Small (2-5)
1397,839,2,Small (2-5)
1398,847,2,Small (2-5)
1399,884,2,Small (2-5)
1400,888,2,Small (2-5)
1401,889,2,Small (2-5)
1402,891,2,Small (2-5)
1403,900,2,Small (2-5)
1404,908,2,Small (2-5)
1405,919,2,Small (2-5)
1406,957,2,Small (2-5)
1407,962,2,Small (2-5)
1408,968,2,Small (2-5)
1409,971,2,Small (2-5)
1410,972,2,Small (2-5)
1411,975,2,Small (2-5)
1412,985,2,Small (2-5)
1413,989,2,Small (2-5)
1414,995,2,Small (2-5)
1415,997,2,Small (2-5)
1416,1005,2,Small (2-5)
1417,1039,2,Small (2-5)
1418,1047,2,Small (2-5)
1419,1055,2,Small (2-5)
1420,1057,2,Small (2-5)
1421,1059,2,Small (2-5)
1422,1069,2,Small (2-5)
1423,1074,2,Small (2-5)
1424,1091,2,Small (2-5)
1425,1092,2,Small (2-5)
1426,1099,2,Small (2-5)
1427,1110,2,Small (2-5)
1428,1117,2,Small (2-5)
1429,1121,2,Small (2-5)
1430,1124,2,Small (2-5)
1431,1126,2,Small (2-5)
1432,1136,2,Small (2-5)
1433,1139,2,Small (2-5)
1434,1142,2,Small (2-5)
1435,1144,2,Small (2-5)
1436,1146,2,Small (2-5)
1437,1150,2,Small (2-5)
1438,1154,2,Small (2-5)
1439,1159,2,Small (2-5)
1440,1160,2,Small (2-5)
1441,1169,2,Small (2-5)
1442,1179,2,Small (2-5)
1443,1188,2,Small (2-5)
1444,1220,2,Small (2-5)
1445,1224,2,Small (2-5)
1446,1252,2,Small (2-5)
1447,1268,2,Small (2-5)
1448,1294,2,Small (2-5)
1449,1305,2,Small (2-5)
1450,1307,2,Small (2-5)
1451,1334,2,Small (2-5)
1452,1341,2,Small (2-5)
1453,1342,2,Small (2-5)
1454,1352,2,Small (2-5)
1455,1363,2,Small (2-5)
1456,1364,2,Small (2-5)
1457,1366,2,Small (2-5)
1458,1375,2,Small (2-5)
1459,1377,2,Small (2-5)
1460,1379,2,Small (2-5)
1461,1382,2,Small (2-5)
1462,1387,2,Small (2-5)
1463,1399,2,Small (2-5)
1464,1403,2,Small (2-5)
1465,1405,2,Small (2-5)
1466,1406,2,Small (2-5)
1467,1407,2,Small (2-5)
1468,1411,2,Small (2-5)
1469,1412,2,Small (2-5)
1470,1414,2,Small (2-5)
1471,1418,2,Small (2-5)
1472,1427,2,Small (2-5)
1473,1432,2,Small (2-5)
1474,1433,2,Small (2-5)
1475,1441,2,Small (2-5)
1476,1442,2,Small (2-5)
1477,1444,2,Small (2-5)
1478,1445,2,Small (2-5)
1479,1452,2,Small (2-5)
1480,1453,2,Small (2-5)
1481,1456,2,Small (2-5)
1482,1461,2,Small (2-5)
1483,1469,2,Small (2-5)
1484,1472,2,Small (2-5)
1485,1473,2,Small (2-5)
1486,1475,2,Small (2-5)
1487,1480,2,Small (2-5)
1488,1486,2,Small (2-5)
1489,1488,2,Small (2-5)
1490,1499,2,Small (2-5)
1491,1500,2,Small (2-5)
1492,1502,2,Small (2-5)
1493,1508,2,Small (2-5)
1494,1510,2,Small (2-5)
1495,1515,2,Small (2-5)
1496,1521,2,Small (2-5)
1497,1525,2,Small (2-5)
1498,1527,2,Small (2-5)
1499,1529,2,Small (2-5)
1500,1532,2,Small (2-5)
1501,1536,2,Small (2-5)
1502,1540,2,Small (2-5)
1503,1544,2,Small (2-5)
1504,1547,2,Small (2-5)
1505,1548,2,Small (2-5)
1506,1552,2,Small (2-5)
1507,1558,2,Small (2-5)
1508,1561,2,Small (2-5)
1509,1562,2,Small (2-5)
1510,1563,2,Small (2-5)
1511,1569,2,Small (2-5)
1512,1579,2,Small (2-5)
1513,1580,2,Small (2-5)
1514,1582,2,Small (2-5)
1515,1583,2,Small (2-5)
1516,1586,2,Small (2-5)
1517,1587,2,Small (2-5)
1518,1594,2,Small (2-5)
1519,1599,2,Small (2-5)
1520,1601,2,Small (2-5)
1521,1603,2,Small (2-5)
1522,1608,2,Small (2-5)
1523,1614,2,Small (2-5)
1524,1615,2,Small (2-5)
1525,1616,2,Small (2-5)
1526,1617,2,Small (2-5)
1527,1620,2,Small (2-5)
1528,1622,2,Small (2-5)
1529,1623,2,Small (2-5)
1530,1624,2,Small (2-5)
1531,1627,2,Small (2-5)
1532,1628,2,Small (2-5)
1533,1630,2,Small (2-5)
1534,1635,2,Small (2-5)
1535,1636,2,Small (2-5)
1536,1639,2,Small (2-5)
1537,1640,2,Small (2-5)
1538,1641,2,Small (2-5)
1539,1642,2,Small (2-5)
1540,1644,2,Small (2-5)
1541,1646,2,Small (2-5)
1542,1652,2,Small (2-5)
1543,1654,2,Small (2-5)
1544,1664,2,Small (2-5)
1545,1665,2,Small (2-5)
1546,1667,2,Small (2-5)
1547,1674,2,Small (2-5)
1548,1681,2,Small (2-5)
1549,1685,2,Small (2-5)
1550,1689,2,Small (2-5)
1551,1690,2,Small (2-5)
1552,1694,2,Small (2-5)
1553,1705,2,Small (2-5)
1554,1707,2,Small (2-5)
1555,1709,2,Small (2-5)
1556,1710,2,Small (2-5)
1557,1713,2,Small (2-5)
1558,1717,2,Small (2-5)
1559,1718,2,Small (2-5)
1560,15,1,Isolate
1561,52,1,Isolate
1562,208,1,Isolate
1563,232,1,Isolate
1564,281,1,Isolate
1565,342,1,Isolate
1566,345,1,Isolate
1567,369,1,Isolate
1568,437,1,Isolate
1569,484,1,Isolate
1570,535,1,Isolate
1571,563,1,Isolate
1572,584,1,Isolate
1573,587,1,Isolate
1574,593,1,Isolate
1575,596,1,Isolate
1576,735,1,Isolate
1577,739,1,Isolate
1578,837,1,Isolate
1579,855,1,Isolate
1580,940,1,Isolate
1581,942,1,Isolate
1582,945,1,Isolate
1583,954,1,Isolate
1584,973,1,Isolate
1585,987,1,Isolate
1586,1002,1,Isolate
1587,1011,1,Isolate
1588,1025,1,Isolate
1589,1026,1,Isolate
1590,1029,1,Isolate
1591,1033,1,Isolate
1592,1040,1,Isolate
1593,1058,1,Isolate
1594,1064,1,Isolate
1595,1086,1,Isolate
1596,1104,1,Isolate
1597,1108,1,Isolate
1598,1141,1,Isolate
1599,1161,1,Isolate
1600,1186,1,Isolate
1601,1216,1,Isolate
1602,1227,1,Isolate
1603,1231,1,Isolate
1604,1232,1,Isolate
1605,1250,1,Isolate
1606,1274,1,Isolate
1607,1277,1,Isolate
1608,1282,1,Isolate
1609,1288,1,Isolate
1610,1299,1,Isolate
1611,1300,1,Isolate
1612,1320,1,Isolate
1613,1326,1,Isolate
1614,1328,1,Isolate
1615,1351,1,Isolate
1616,1356,1,Isolate
1617,1359,1,Isolate
1618,1361,1,Isolate
1619,1372,1,Isolate
1620,1386,1,Isolate
1621,1393,1,Isolate
1622,1394,1,Isolate
1623,1397,1,Isolate
1624,1408,1,Isolate
1625,1417,1,Isolate
1626,1438,1,Isolate
1627,1440,1,Isolate
1628,1446,1,Isolate
1629,1447,1,Isolate
1630,1460,1,Isolate
1631,1462,1,Isolate
1632,1463,1,Isolate
1633,1467,1,Isolate
1634,1476,1,Isolate
1635,1487,1,Isolate
1636,1497,1,Isolate
1637,1503,1,Isolate
1638,1504,1,Isolate
1639,1506,1,Isolate
1640,1509,1,Isolate
1641,1512,1,Isolate
1642,1517,1,Isolate
1643,1520,1,Isolate
1644,1524,1,Isolate
1645,1526,1,Isolate
1646,1531,1,Isolate
1647,1545,1,Isolate
1648,1560,1,Isolate
1649,1564,1,Isolate
1650,1566,1,Isolate
1651,1567,1,Isolate
1652,1570,1,Isolate
1653,1573,1,Isolate
1654,1574,1,Isolate
1655,1575,1,Isolate
1656,1577,1,Isolate
1657,1578,1,Isolate
1658,1584,1,Isolate
1659,1588,1,Isolate
1660,1589,1,Isolate
1661,1595,1,Isolate
1662,1600,1,Isolate
1663,1602,1,Isolate
1664,1605,1,Isolate
1665,1610,1,Isolate
1666,1612,1,Isolate
1667,1619,1,Isolate
1668,1625,1,Isolate
1669,1626,1,Isolate
1670,1629,1,Isolate
1671,1631,1,Isolate
1672,1633,1,Isolate
1673,1634,1,Isolate
1674,1637,1,Isolate
1675,1638,1,Isolate
1676,1643,1,Isolate
1677,1647,1,Isolate
1678,1648,1,Isolate
1679,1649,1,Isolate
1680,1650,1,Isolate
1681,1651,1,Isolate
1682,1655,1,Isolate
1683,1656,1,Isolate
1684,1657,1,Isolate
1685,1659,1,Isolate
1686,1660,1,Isolate
1687,1661,1,Isolate
1688,1662,1,Isolate
1689,1666,1,Isolate
1690,1668,1,Isolate
1691,1669,1,Isolate
1692,1670,1,Isolate
1693,1671,1,Isolate
1694,1672,1,Isolate
1695,1673,1,Isolate
1696,1675,1,Isolate
1697,1677,1,Isolate
1698,1678,1,Isolate
1699,1682,1,Isolate
1700,1683,1,Isolate
1701,1684,1,Isolate
1702,1686,1,Isolate
1703,1688,1,Isolate
1704,1691,1,Isolate
1705,1695,1,Isolate
1706,1698,1,Isolate
1707,1699,1,Isolate
1708,1700,1,Isolate
1709,1701,1,Isolate
1710,1702,1,Isolate
1711,1703,1,Isolate
1712,1704,1,Isolate
1713,1706,1,Isolate
1714,1708,1,Isolate
1715,1711,1,Isolate
1716,1712,1,Isolate
1717,1714,1,Isolate
1718,1715,1,Isolate
1719,1716,1,Isolate
1720,1719,1,Isolate
1721,1720,1,Isolate
1722,1721,1,Isolate
1723,1722,1,Isolate
1724,1723,1,Isolate
1725,1724,1,Isolate
1726,1725,1,Isolate
1727,1726,1,Isolate
1728,1727,1,Isolate
1729,1728,1,Isolate
1730,1729,1,Isolate
1731,1730,1,Isolate
1732,1731,1,Isolate
1733,1732,1,Isolate
1734,1733,1,Isolate
