coauthor_count,n_authors,author_share_percent,survival_percent
0,175,0.2527550298250935,100.0
1,608,0.8781431893351821,99.7472449701749
2,1238,1.7880612967055187,98.86910178083973
3,2013,2.9074050002166474,97.0810404841342
4,2734,3.9487557230960326,94.17363548391756
5,3059,4.418157921342635,90.22487976082152
6,3041,4.392160261132053,85.8067218394789
7,3209,4.634805089764144,81.41456157834683
8,3028,4.373384173202189,76.77975648858269
9,2644,3.8187674220431274,72.40637231538051
10,2185,3.1558270866733107,68.58760489333737
11,2183,3.1529384577610235,65.43177780666407
12,1979,2.858298308707772,62.27883934890304
13,1855,2.6792033161459914,59.420541040195275
14,1694,2.446668688706905,56.74133772404928
15,1458,2.105810477057065,54.29466903534237
16,1287,1.858832705056545,52.18885855828531
17,1232,1.7793954099686584,50.33002585322876
18,1154,1.6667388823894738,48.550630443260104
19,1208,1.744731863021217,46.88389156087063
20,1013,1.4630905440732556,45.139159697849415
21,1055,1.5237517512312782,43.67606915377616
22,955,1.379320305616939,42.15231740254488
23,921,1.3302136141080636,40.772997096927945
24,817,1.1800049106691508,39.44278348281988
25,567,0.818926296633303,38.26277857215073
26,558,0.8059274665280125,37.44385227551743
27,595,0.8593671014053179,36.63792480898941
28,588,0.8492569002123143,35.77855770758409
29,520,0.7510435171945636,34.92930080737178
30,525,0.7582650894752806,34.178257290177214
31,489,0.7062697690541184,33.419992200701934
32,427,0.6167222727732282,32.71372243164782
33,347,0.5011771162817569,32.09700015887459
34,522,0.7539321461068503,31.595823042592833
35,394,0.5690598957204963,30.84189089648598
36,409,0.5907246125626472,30.272831000765485
37,293,0.4231841356500137,29.68210638820284
38,411,0.5936132414749339,29.258922252552825
39,298,0.4304057079307307,28.66530901107789
40,308,0.4448488524921646,28.23490330314716
41,239,0.3451911550182706,27.790054450654996
42,209,0.3018617213339688,27.444863295636726
43,239,0.3451911550182706,27.143001574302758
44,257,0.3711888152288516,26.797810419284488
45,193,0.27875269003567454,26.426621604055637
46,188,0.2715311177549576,26.14786891401996
47,194,0.28019700449181795,25.876337796265002
48,149,0.21520285396536534,25.596140791773184
49,168,0.24264482863208978,25.38093793780782
50,177,0.2556436587373803,25.13829310917573
51,199,0.2874185767725349,24.88264945043835
52,118,0.1704291058249202,24.595230873665816
53,184,0.26575385993038403,24.424801767840894
54,158,0.22820168407065586,24.15904790791051
55,177,0.2556436587373803,23.930846223839854
56,189,0.272975432211101,23.675202565102474
57,185,0.26719817438652743,23.402227132891372
58,132,0.1906495082109277,23.135028958504847
59,146,0.21086991059693516,22.94437945029392
60,151,0.21809148287765212,22.733509539696982
61,155,0.22386874070222568,22.515418056819332
62,166,0.239756199719803,22.291549316117106
63,84,0.12132241431604489,22.051793116397302
64,150,0.21664716842150872,21.93047070208126
65,61,0.08810318182474688,21.71382353365975
66,128,0.1848722503863541,21.625720351835003
67,129,0.1863165648424975,21.440848101448648
68,127,0.18342793593021073,21.25453153660615
69,138,0.19931539494778802,21.07110360067594
70,66,0.09532475410546384,20.87178820572815
71,85,0.12276672877218828,20.776463451622686
72,119,0.1718734202810636,20.653696722850498
73,109,0.15743027571962967,20.481823302569435
74,111,0.16031890463191645,20.324393026849805
75,111,0.16031890463191645,20.16407412221789
76,53,0.07654866617559976,20.003755217585972
77,68,0.09821338301775062,19.92720655141037
78,112,0.16176321908805985,19.82899316839262
79,57,0.08232592400017331,19.667229949304563
80,70,0.10110201193003741,19.58490402530439
81,118,0.1704291058249202,19.48380201337435
82,137,0.19787108049164465,19.313372907549432
83,120,0.173317734737207,19.115501827057788
84,101,0.14587576007048256,18.94218409232058
85,77,0.11121221312304115,18.7963083322501
86,53,0.07654866617559976,18.685096119127056
87,62,0.08954749628089027,18.608547452951456
88,161,0.23253462743908604,18.518999956670566
89,109,0.15743027571962967,18.28646532923148
90,94,0.1357655588774788,18.12903505351185
91,92,0.13287692996519201,17.993269494634372
92,50,0.07221572280716958,17.86039256466918
93,46,0.06643846498259601,17.78817684186201
94,61,0.08810318182474688,17.721738376879415
95,44,0.06354983607030923,17.633635195054666
96,35,0.05055100596501871,17.570085358984358
97,282,0.4072966766324364,17.51953435301934
98,55,0.07943729508788654,17.112237676386904
99,30,0.04332943368430175,17.032800381299015
100,85,0.12276672877218828,16.989470947614716
101,72,0.10399064084232419,16.866704218842525
102,47,0.0678827794387394,16.762713578000202
103,53,0.07654866617559976,16.694830798561462
104,55,0.07943729508788654,16.618282132385865
105,56,0.08088160954402993,16.538844837297976
106,102,0.14732007452662593,16.457963227753947
107,75,0.10832358421075436,16.31064315322732
108,226,0.3264150670884065,16.202319569016566
109,43,0.06210552161416583,15.87590450192816
110,31,0.04477374814044514,15.813798980313994
111,30,0.04332943368430175,15.769025232173549
112,36,0.051995320421162096,15.725695798489246
113,44,0.06354983607030923,15.673700478068085
114,52,0.07510435171945636,15.610150641997775
115,139,0.20075970940393142,15.53504629027832
116,69,0.09965769747389401,15.334286580874387
117,37,0.053439634877305485,15.234628883400495
118,25,0.03610786140358479,15.181189248523188
119,38,0.05488394933344888,15.145081387119603
120,39,0.05632826378959227,15.090197437786156
121,47,0.0678827794387394,15.033869173996562
122,51,0.07366003726331297,14.965986394557824
123,75,0.10832358421075436,14.892326357294511
124,25,0.03610786140358479,14.784002773083756
125,28,0.04044080477201496,14.747894911680172
126,15,0.021664716842150874,14.707454106908155
127,50,0.07221572280716958,14.685789390066006
128,68,0.09821338301775062,14.613573667258835
129,32,0.046218062596588526,14.515360284241085
130,33,0.04766237705273192,14.469142221644496
131,30,0.04332943368430175,14.421479844591765
132,24,0.0346635469474414,14.378150410907462
133,39,0.05632826378959227,14.343486863960022
134,51,0.07366003726331297,14.287158600170429
135,25,0.03610786140358479,14.213498562907116
136,20,0.02888628912286783,14.177390701503532
137,18,0.025997660210581048,14.148504412380664
138,109,0.15743027571962967,14.122506752170082
139,33,0.04766237705273192,13.965076476450452
140,55,0.07943729508788654,13.917414099397721
141,44,0.06354983607030923,13.837976804309834
142,22,0.031774918035154615,13.774426968239526
143,22,0.031774918035154615,13.74265205020437
144,8,0.011554515649147131,13.710877132169216
145,50,0.07221572280716958,13.69932261652007
146,16,0.023109031298294263,13.627106893712899
147,27,0.038996490315871574,13.603997862414605
148,100,0.14443144561433915,13.565001372098733
149,25,0.03610786140358479,13.420569926484394
150,14,0.02022040238600748,13.38446206508081
151,44,0.06354983607030923,13.364241662694802
152,13,0.01877608792986409,13.300691826624492
153,25,0.03610786140358479,13.281915738694629
154,19,0.02744197466672444,13.245807877291044
155,65,0.09388043964932045,13.218365902624319
156,15,0.021664716842150874,13.124485462974999
157,32,0.046218062596588526,13.102820746132847
158,24,0.0346635469474414,13.05660268353626
159,35,0.05055100596501871,13.021939136588818
160,33,0.04766237705273192,12.971388130623799
161,19,0.02744197466672444,12.923725753571068
162,35,0.05055100596501871,12.896283778904342
163,169,0.24408914308823318,12.845732772939325
164,71,0.1025463263861808,12.601643629851091
165,17,0.024553345754437655,12.49909730346491
166,25,0.03610786140358479,12.474543957710473
167,17,0.024553345754437655,12.438436096306887
168,16,0.023109031298294263,12.41388275055245
169,18,0.025997660210581048,12.390773719254156
170,53,0.07654866617559976,12.364776059043574
171,21,0.030330603579011222,12.288227392867975
172,19,0.02744197466672444,12.257896789288964
173,21,0.030330603579011222,12.23045481462224
174,28,0.04044080477201496,12.200124211043228
175,41,0.059216892701879055,12.159683406271213
176,18,0.025997660210581048,12.100466513569334
177,12,0.0173317734737207,12.074468853358754
178,70,0.10110201193003741,12.057137079885033
179,15,0.021664716842150874,11.956035067954994
180,19,0.02744197466672444,11.934370351112845
181,31,0.04477374814044514,11.90692837644612
182,17,0.024553345754437655,11.862154628305674
183,89,0.12854398659676183,11.837601282551237
184,77,0.11121221312304115,11.709057295954475
185,55,0.07943729508788654,11.597845082831434
186,19,0.02744197466672444,11.518407787743547
187,24,0.0346635469474414,11.490965813076823
188,41,0.059216892701879055,11.456302266129383
189,49,0.07077140835102619,11.397085373427503
190,19,0.02744197466672444,11.326313965076476
191,30,0.04332943368430175,11.298871990409753
192,16,0.023109031298294263,11.25554255672545
193,18,0.025997660210581048,11.232433525427156
194,55,0.07943729508788654,11.206435865216575
195,10,0.014443144561433915,11.126998570128688
196,27,0.038996490315871574,11.112555425567255
197,16,0.023109031298294263,11.073558935251382
198,60,0.0866588673686035,11.050449903953089
199,21,0.030330603579011222,10.963791036584485
200,27,0.038996490315871574,10.933460433005473
201,18,0.025997660210581048,10.894463942689603
202,16,0.023109031298294263,10.868466282479021
203,47,0.0678827794387394,10.845357251180728
204,18,0.025997660210581048,10.777474471741987
205,24,0.0346635469474414,10.751476811531406
206,12,0.0173317734737207,10.716813264583966
207,25,0.03610786140358479,10.699481491110244
208,13,0.01877608792986409,10.66337362970666
209,12,0.0173317734737207,10.644597541776795
210,32,0.046218062596588526,10.627265768303076
211,21,0.030330603579011222,10.581047705706487
212,40,0.05777257824573566,10.550717102127475
213,31,0.04477374814044514,10.49294452388174
214,31,0.04477374814044514,10.448170775741294
215,20,0.02888628912286783,10.40339702760085
216,22,0.031774918035154615,10.374510738477982
217,19,0.02744197466672444,10.342735820442828
218,14,0.02022040238600748,10.315293845776102
219,15,0.021664716842150874,10.295073443390095
220,14,0.02022040238600748,10.273408726547943
221,6,0.00866588673686035,10.253188324161936
222,14,0.02022040238600748,10.244522437425076
223,13,0.01877608792986409,10.224302035039068
224,16,0.023109031298294263,10.205525947109205
225,29,0.04188511922815835,10.18241691581091
226,10,0.014443144561433915,10.140531796582753
227,14,0.02022040238600748,10.126088652021318
228,117,0.1689847913687768,10.10586824963531
229,29,0.04188511922815835,9.936883458266534
230,17,0.024553345754437655,9.894998339038375
231,41,0.059216892701879055,9.870444993283938
232,47,0.0678827794387394,9.811228100582058
233,15,0.021664716842150874,9.74334532114332
234,17,0.024553345754437655,9.721680604301168
235,16,0.023109031298294263,9.69712725854673
236,15,0.021664716842150874,9.674018227248437
237,14,0.02022040238600748,9.652353510406286
238,16,0.023109031298294263,9.632133108020279
239,14,0.02022040238600748,9.609024076721983
240,15,0.021664716842150874,9.588803674335976
241,17,0.024553345754437655,9.567138957493826
242,19,0.02744197466672444,9.542585611739387
243,20,0.02888628912286783,9.515143637072663
244,19,0.02744197466672444,9.486257347949795
245,65,0.09388043964932045,9.458815373283072
246,12,0.0173317734737207,9.364934933633752
247,6,0.00866588673686035,9.34760316016003
248,36,0.051995320421162096,9.33893727342317
249,15,0.021664716842150874,9.286941953002007
250,11,0.015887459017577307,9.265277236159857
251,23,0.033219232491298004,9.24938977714228
252,12,0.0173317734737207,9.216170544650982
253,13,0.01877608792986409,9.198838771177261
254,29,0.04188511922815835,9.180062683247396
255,16,0.023109031298294263,9.138177564019239
256,25,0.03610786140358479,9.115068532720944
257,6,0.00866588673686035,9.07896067131736
258,38,0.05488394933344888,9.070294784580499
259,17,0.024553345754437655,9.01541083524705
260,14,0.02022040238600748,8.990857489492612
261,9,0.012998830105290524,8.970637087106605
262,112,0.16176321908805985,8.957638257001314
263,23,0.033219232491298004,8.795875037913255
264,15,0.021664716842150874,8.762655805421957
265,9,0.012998830105290524,8.740991088579806
266,9,0.012998830105290524,8.727992258474515
267,15,0.021664716842150874,8.714993428369224
268,21,0.030330603579011222,8.693328711527073
269,17,0.024553345754437655,8.662998107948063
270,21,0.030330603579011222,8.638444762193625
271,10,0.014443144561433915,8.608114158614613
272,25,0.03610786140358479,8.59367101405318
273,11,0.015887459017577307,8.557563152649594
274,8,0.011554515649147131,8.541675693632017
275,12,0.0173317734737207,8.53012117798287
276,11,0.015887459017577307,8.51278940450915
277,37,0.053439634877305485,8.496901945491572
278,17,0.024553345754437655,8.443462310614267
279,15,0.021664716842150874,8.41890896485983
280,27,0.038996490315871574,8.397244248017678
281,11,0.015887459017577307,8.358247757701808
282,8,0.011554515649147131,8.342360298684229
283,7,0.01011020119300374,8.330805783035082
284,7,0.01011020119300374,8.32069558184208
285,10,0.014443144561433915,8.310585380649075
286,10,0.014443144561433915,8.296142236087642
287,12,0.0173317734737207,8.281699091526207
288,8,0.011554515649147131,8.264367318052486
289,58,0.0837702384563167,8.252812802403339
290,11,0.015887459017577307,8.169042563947022
291,10,0.014443144561433915,8.153155104929445
292,100,0.14443144561433915,8.138711960368012
293,17,0.024553345754437655,7.994280514753672
294,11,0.015887459017577307,7.969727168999235
295,8,0.011554515649147131,7.953839709981657
296,20,0.02888628912286783,7.94228519433251
297,16,0.023109031298294263,7.913398905209642
298,8,0.011554515649147131,7.890289873911348
299,14,0.02022040238600748,7.878735358262201
300,11,0.015887459017577307,7.858514955876194
301,11,0.015887459017577307,7.842627496858616
302,14,0.02022040238600748,7.826740037841039
303,9,0.012998830105290524,7.8065196354550315
304,5,0.007221572280716957,7.793520805349741
305,12,0.0173317734737207,7.786299233069024
306,18,0.025997660210581048,7.768967459595303
307,8,0.011554515649147131,7.742969799384722
308,13,0.01877608792986409,7.731415283735575
309,11,0.015887459017577307,7.712639195805711
310,11,0.015887459017577307,7.6967517367881335
311,9,0.012998830105290524,7.6808642777705565
312,5,0.007221572280716957,7.667865447665266
313,9,0.012998830105290524,7.660643875384549
314,11,0.015887459017577307,7.647645045279258
315,22,0.031774918035154615,7.631757586261681
316,13,0.01877608792986409,7.599982668226526
317,13,0.01877608792986409,7.581206580296662
318,13,0.01877608792986409,7.562430492366798
319,8,0.011554515649147131,7.543654404436934
320,53,0.07654866617559976,7.532099888787787
321,6,0.00866588673686035,7.455551222612187
322,7,0.01011020119300374,7.446885335875327
323,6,0.00866588673686035,7.436775134682323
324,10,0.014443144561433915,7.4281092479454625
325,12,0.0173317734737207,7.4136661033840285
326,12,0.0173317734737207,7.396334329910308
327,9,0.012998830105290524,7.379002556436587
328,12,0.0173317734737207,7.3660037263312965
329,11,0.015887459017577307,7.348671952857576
330,9,0.012998830105290524,7.332784493839998
331,6,0.00866588673686035,7.3197856637347085
332,14,0.02022040238600748,7.311119776997848
333,6,0.00866588673686035,7.290899374611841
334,11,0.015887459017577307,7.28223348787498
335,10,0.014443144561433915,7.266346028857403
336,4,0.005777257824573566,7.251902884295969
337,11,0.015887459017577307,7.246125626471395
338,6,0.00866588673686035,7.230238167453818
339,8,0.011554515649147131,7.221572280716957
340,8,0.011554515649147131,7.210017765067811
341,10,0.014443144561433915,7.198463249418664
342,13,0.01877608792986409,7.18402010485723
343,12,0.0173317734737207,7.165244016927366
344,18,0.025997660210581048,7.147912243453645
345,3,0.004332943368430175,7.121914583243064
346,5,0.007221572280716957,7.117581639874634
347,6,0.00866588673686035,7.110360067593916
348,5,0.007221572280716957,7.101694180857057
349,4,0.005777257824573566,7.094472608576339
350,9,0.012998830105290524,7.088695350751766
351,4,0.005777257824573566,7.075696520646475
352,4,0.005777257824573566,7.069919262821902
353,7,0.01011020119300374,7.064142004997328
354,9,0.012998830105290524,7.054031803804325
355,10,0.014443144561433915,7.041032973699034
356,7,0.01011020119300374,7.0265898291376
357,4,0.005777257824573566,7.016479627944596
358,17,0.024553345754437655,7.010702370120023
359,9,0.012998830105290524,6.986149024365585
360,7,0.01011020119300374,6.9731501942602945
361,4,0.005777257824573566,6.963039993067291
362,6,0.00866588673686035,6.957262735242717
363,6,0.00866588673686035,6.948596848505857
364,2,0.002888628912286783,6.939930961768996
365,3,0.004332943368430175,6.937042332856709
366,6,0.00866588673686035,6.932709389488279
367,9,0.012998830105290524,6.924043502751419
368,12,0.0173317734737207,6.9110446726461285
369,13,0.01877608792986409,6.8937128991724075
370,3,0.004332943368430175,6.874936811242543
371,7,0.01011020119300374,6.870603867874114
372,7,0.01011020119300374,6.860493666681109
373,7,0.01011020119300374,6.850383465488106
374,20,0.02888628912286783,6.840273264295102
375,5,0.007221572280716957,6.811386975172234
376,7,0.01011020119300374,6.804165402891518
377,6,0.00866588673686035,6.794055201698514
378,16,0.023109031298294263,6.7853893149616535
379,7,0.01011020119300374,6.762280283663359
380,5,0.007221572280716957,6.752170082470355
381,11,0.015887459017577307,6.744948510189639
382,2,0.002888628912286783,6.729061051172061
383,4,0.005777257824573566,6.726172422259775
384,1,0.0014443144561433914,6.7203951644352005
385,7,0.01011020119300374,6.718950849979057
386,2,0.002888628912286783,6.708840648786054
387,3,0.004332943368430175,6.7059520198737665
388,5,0.007221572280716957,6.701619076505337
389,8,0.011554515649147131,6.69439750422462
390,8,0.011554515649147131,6.682842988575473
391,5,0.007221572280716957,6.671288472926325
392,5,0.007221572280716957,6.664066900645609
393,4,0.005777257824573566,6.656845328364891
394,4,0.005777257824573566,6.651068070540318
395,1,0.0014443144561433914,6.645290812715745
396,8,0.011554515649147131,6.6438464982596015
397,6,0.00866588673686035,6.632291982610454
398,1,0.0014443144561433914,6.623626095873593
399,2,0.002888628912286783,6.62218178141745
400,3,0.004332943368430175,6.619293152505163
401,7,0.01011020119300374,6.614960209136734
402,8,0.011554515649147131,6.604850007943729
403,3,0.004332943368430175,6.593295492294582
404,5,0.007221572280716957,6.588962548926152
405,8,0.011554515649147131,6.581740976645436
406,1,0.0014443144561433914,6.570186460996288
407,8,0.011554515649147131,6.568742146540145
408,28,0.04044080477201496,6.557187630890998
409,5,0.007221572280716957,6.5167468261189825
410,4,0.005777257824573566,6.509525253838266
411,5,0.007221572280716957,6.503747996013692
412,6,0.00866588673686035,6.496526423732975
413,5,0.007221572280716957,6.487860536996115
414,6,0.00866588673686035,6.480638964715398
415,12,0.0173317734737207,6.471973077978538
416,9,0.012998830105290524,6.4546413045048165
417,7,0.01011020119300374,6.441642474399527
418,7,0.01011020119300374,6.431532273206522
419,3,0.004332943368430175,6.4214220720135184
420,5,0.007221572280716957,6.417089128645088
422,6,0.00866588673686035,6.409867556364372
423,3,0.004332943368430175,6.401201669627511
424,6,0.00866588673686035,6.396868726259081
425,5,0.007221572280716957,6.38820283952222
426,4,0.005777257824573566,6.380981267241504
427,5,0.007221572280716957,6.37520400941693
428,5,0.007221572280716957,6.367982437136213
429,3,0.004332943368430175,6.3607608648554965
430,4,0.005777257824573566,6.356427921487066
431,15,0.021664716842150874,6.350650663662493
432,3,0.004332943368430175,6.3289859468203415
433,3,0.004332943368430175,6.324653003451911
434,7,0.01011020119300374,6.320320060083481
435,5,0.007221572280716957,6.310209858890477
436,4,0.005777257824573566,6.302988286609761
437,7,0.01011020119300374,6.2972110287851875
438,4,0.005777257824573566,6.287100827592184
439,2,0.002888628912286783,6.2813235697676095
440,4,0.005777257824573566,6.278434940855323
441,5,0.007221572280716957,6.27265768303075
442,3,0.004332943368430175,6.2654361107500325
443,11,0.015887459017577307,6.261103167381602
444,4,0.005777257824573566,6.245215708364025
445,5,0.007221572280716957,6.239438450539452
446,3,0.004332943368430175,6.232216878258734
447,5,0.007221572280716957,6.227883934890304
448,5,0.007221572280716957,6.220662362609588
449,3,0.004332943368430175,6.21344079032887
450,4,0.005777257824573566,6.20910784696044
451,5,0.007221572280716957,6.2033305891358665
452,5,0.007221572280716957,6.19610901685515
453,3,0.004332943368430175,6.188887444574433
454,10,0.014443144561433915,6.184554501206002
455,9,0.012998830105290524,6.1701113566445684
456,3,0.004332943368430175,6.1571125265392785
457,3,0.004332943368430175,6.152779583170848
458,6,0.00866588673686035,6.148446639802418
459,5,0.007221572280716957,6.1397807530655575
460,5,0.007221572280716957,6.13255918078484
461,9,0.012998830105290524,6.125337608504124
462,5,0.007221572280716957,6.112338778398833
463,8,0.011554515649147131,6.105117206118116
464,9,0.012998830105290524,6.093562690468969
465,5,0.007221572280716957,6.080563860363679
466,2,0.002888628912286783,6.073342288082961
467,1,0.0014443144561433914,6.070453659170675
468,5,0.007221572280716957,6.069009344714531
469,4,0.005777257824573566,6.0617877724338145
470,4,0.005777257824573566,6.056010514609241
471,4,0.005777257824573566,6.050233256784667
472,2,0.002888628912286783,6.0444559989600934
473,6,0.00866588673686035,6.041567370047807
474,6,0.00866588673686035,6.032901483310947
475,6,0.00866588673686035,6.024235596574086
476,4,0.005777257824573566,6.015569709837226
477,2,0.002888628912286783,6.009792452012652
478,2,0.002888628912286783,6.006903823100365
479,4,0.005777257824573566,6.004015194188079
480,5,0.007221572280716957,5.998237936363505
481,6,0.00866588673686035,5.991016364082788
482,4,0.005777257824573566,5.9823504773459275
483,6,0.00866588673686035,5.976573219521354
484,1,0.0014443144561433914,5.967907332784494
485,6,0.00866588673686035,5.9664630183283505
486,7,0.01011020119300374,5.95779713159149
487,3,0.004332943368430175,5.947686930398486
488,11,0.015887459017577307,5.943353987030056
489,1,0.0014443144561433914,5.927466528012479
490,5,0.007221572280716957,5.926022213556336
491,4,0.005777257824573566,5.9188006412756184
492,4,0.005777257824573566,5.913023383451045
493,3,0.004332943368430175,5.907246125626472
494,1,0.0014443144561433914,5.902913182258041
495,3,0.004332943368430175,5.901468867801897
496,4,0.005777257824573566,5.897135924433468
497,2,0.002888628912286783,5.891358666608894
498,2,0.002888628912286783,5.8884700376966075
499,29,0.04188511922815835,5.88558140878432
500,3,0.004332943368430175,5.843696289556163
501,6,0.00866588673686035,5.839363346187732
502,4,0.005777257824573566,5.830697459450872
503,5,0.007221572280716957,5.824920201626298
504,3,0.004332943368430175,5.817698629345581
505,8,0.011554515649147131,5.813365685977151
506,5,0.007221572280716957,5.801811170328004
507,2,0.002888628912286783,5.794589598047287
508,5,0.007221572280716957,5.791700969135
509,1,0.0014443144561433914,5.784479396854283
510,8,0.011554515649147131,5.78303508239814
511,5,0.007221572280716957,5.771480566748993
512,2,0.002888628912286783,5.764258994468276
513,3,0.004332943368430175,5.7613703655559885
514,3,0.004332943368430175,5.757037422187559
515,7,0.01011020119300374,5.752704478819129
516,3,0.004332943368430175,5.742594277626125
517,5,0.007221572280716957,5.738261334257695
518,3,0.004332943368430175,5.7310397619769775
519,7,0.01011020119300374,5.726706818608547
520,150,0.21664716842150872,5.716596617415544
521,5,0.007221572280716957,5.499949448994035
522,4,0.005777257824573566,5.492727876713318
523,1,0.0014443144561433914,5.486950618888744
524,16,0.023109031298294263,5.485506304432601
525,2,0.002888628912286783,5.4623972731343065
526,6,0.00866588673686035,5.45950864422202
527,5,0.007221572280716957,5.45084275748516
528,13,0.01877608792986409,5.443621185204442
529,5,0.007221572280716957,5.424845097274579
530,4,0.005777257824573566,5.417623524993862
531,2,0.002888628912286783,5.411846267169288
532,5,0.007221572280716957,5.408957638257001
534,6,0.00866588673686035,5.4017360659762845
535,3,0.004332943368430175,5.393070179239424
536,4,0.005777257824573566,5.388737235870994
537,2,0.002888628912286783,5.38295997804642
538,6,0.00866588673686035,5.380071349134133
539,4,0.005777257824573566,5.371405462397274
540,2,0.002888628912286783,5.365628204572699
541,5,0.007221572280716957,5.362739575660413
542,3,0.004332943368430175,5.355518003379696
543,4,0.005777257824573566,5.351185060011265
544,6,0.00866588673686035,5.345407802186692
545,2,0.002888628912286783,5.3367419154498315
546,3,0.004332943368430175,5.333853286537545
547,24,0.0346635469474414,5.329520343169115
548,1,0.0014443144561433914,5.294856796221674
549,9,0.012998830105290524,5.29341248176553
550,4,0.005777257824573566,5.28041365166024
551,10,0.014443144561433915,5.2746363938356655
552,4,0.005777257824573566,5.260193249274232
553,7,0.01011020119300374,5.254415991449658
554,5,0.007221572280716957,5.2443057902566546
555,4,0.005777257824573566,5.237084217975938
556,3,0.004332943368430175,5.231306960151364
557,4,0.005777257824573566,5.226974016782934
558,2,0.002888628912286783,5.22119675895836
559,16,0.023109031298294263,5.218308130046074
560,1,0.0014443144561433914,5.195199098747779
561,5,0.007221572280716957,5.193754784291636
562,2,0.002888628912286783,5.186533212010919
563,4,0.005777257824573566,5.183644583098633
564,3,0.004332943368430175,5.177867325274058
565,5,0.007221572280716957,5.173534381905628
566,4,0.005777257824573566,5.166312809624912
567,6,0.00866588673686035,5.160535551800338
568,2,0.002888628912286783,5.151869665063478
569,2,0.002888628912286783,5.1489810361511905
570,2,0.002888628912286783,5.146092407238904
571,1,0.0014443144561433914,5.143203778326617
572,7,0.01011020119300374,5.141759463870474
573,2,0.002888628912286783,5.13164926267747
574,3,0.004332943368430175,5.128760633765183
575,4,0.005777257824573566,5.124427690396753
576,4,0.005777257824573566,5.1186504325721796
577,5,0.007221572280716957,5.112873174747606
578,2,0.002888628912286783,5.105651602466889
579,3,0.004332943368430175,5.1027629735546025
580,4,0.005777257824573566,5.098430030186172
581,1,0.0014443144561433914,5.092652772361599
582,2,0.002888628912286783,5.091208457905455
583,2,0.002888628912286783,5.088319828993169
584,7,0.01011020119300374,5.0854312000808815
585,5,0.007221572280716957,5.075320998887878
586,5,0.007221572280716957,5.068099426607161
587,4,0.005777257824573566,5.060877854326444
588,1,0.0014443144561433914,5.0551005965018705
589,7,0.01011020119300374,5.053656282045727
590,3,0.004332943368430175,5.043546080852723
591,4,0.005777257824573566,5.0392131374842934
592,4,0.005777257824573566,5.033435879659719
593,5,0.007221572280716957,5.027658621835146
594,6,0.00866588673686035,5.020437049554429
596,3,0.004332943368430175,5.011771162817569
597,5,0.007221572280716957,5.0074382194491385
598,4,0.005777257824573566,5.000216647168421
599,1,0.0014443144561433914,4.994439389343848
600,4,0.005777257824573566,4.9929950748877046
601,3,0.004332943368430175,4.987217817063131
602,3,0.004332943368430175,4.982884873694701
603,4,0.005777257824573566,4.978551930326271
604,2,0.002888628912286783,4.972774672501697
605,5,0.007221572280716957,4.96988604358941
606,18,0.025997660210581048,4.962664471308694
607,4,0.005777257824573566,4.936666811098112
608,4,0.005777257824573566,4.930889553273539
609,6,0.00866588673686035,4.925112295448965
610,4,0.005777257824573566,4.916446408712105
611,7,0.01011020119300374,4.910669150887531
612,2,0.002888628912286783,4.900558949694528
613,3,0.004332943368430175,4.8976703207822405
614,6,0.00866588673686035,4.89333737741381
615,2,0.002888628912286783,4.884671490676951
616,6,0.00866588673686035,4.8817828617646635
617,4,0.005777257824573566,4.873116975027803
618,2,0.002888628912286783,4.8673397172032296
619,4,0.005777257824573566,4.864451088290942
620,2,0.002888628912286783,4.858673830466369
621,2,0.002888628912286783,4.855785201554083
622,4,0.005777257824573566,4.852896572641796
623,3,0.004332943368430175,4.847119314817222
624,3,0.004332943368430175,4.842786371448792
625,5,0.007221572280716957,4.838453428080362
626,2,0.002888628912286783,4.831231855799644
627,2,0.002888628912286783,4.828343226887358
628,4,0.005777257824573566,4.825454597975071
629,4,0.005777257824573566,4.8196773401504975
630,4,0.005777257824573566,4.813900082325924
631,2,0.002888628912286783,4.808122824501351
632,2,0.002888628912286783,4.805234195589064
633,3,0.004332943368430175,4.8023455666767765
634,3,0.004332943368430175,4.798012623308347
635,3,0.004332943368430175,4.793679679939917
636,3,0.004332943368430175,4.789346736571487
637,26,0.03755217585972818,4.785013793203056
638,1,0.0014443144561433914,4.747461617343328
639,4,0.005777257824573566,4.746017302887185
640,5,0.007221572280716957,4.740240045062611
641,3,0.004332943368430175,4.733018472781894
642,4,0.005777257824573566,4.728685529413464
643,1,0.0014443144561433914,4.72290827158889
644,1,0.0014443144561433914,4.721463957132747
645,2,0.002888628912286783,4.720019642676603
646,5,0.007221572280716957,4.717131013764317
647,1,0.0014443144561433914,4.7099094414836
648,3,0.004332943368430175,4.7084651270274565
649,2,0.002888628912286783,4.704132183659026
650,3,0.004332943368430175,4.701243554746739
651,2,0.002888628912286783,4.69691061137831
652,5,0.007221572280716957,4.6940219824660225
653,2,0.002888628912286783,4.686800410185305
654,3,0.004332943368430175,4.683911781273019
655,2,0.002888628912286783,4.679578837904589
656,7,0.01011020119300374,4.6766902089923015
657,2,0.002888628912286783,4.666580007799298
658,4,0.005777257824573566,4.663691378887012
659,3,0.004332943368430175,4.657914121062437
660,3,0.004332943368430175,4.653581177694008
661,3,0.004332943368430175,4.649248234325578
662,4,0.005777257824573566,4.644915290957147
663,2,0.002888628912286783,4.639138033132574
664,6,0.00866588673686035,4.636249404220287
666,4,0.005777257824573566,4.627583517483426
667,1,0.0014443144561433914,4.621806259658853
668,3,0.004332943368430175,4.62036194520271
669,2,0.002888628912286783,4.6160290018342796
670,2,0.002888628912286783,4.613140372921992
671,3,0.004332943368430175,4.610251744009706
672,6,0.00866588673686035,4.605918800641276
673,5,0.007221572280716957,4.597252913904415
674,2,0.002888628912286783,4.590031341623698
675,3,0.004332943368430175,4.587142712711412
676,3,0.004332943368430175,4.5828097693429815
677,3,0.004332943368430175,4.578476825974551
678,2,0.002888628912286783,4.574143882606121
679,4,0.005777257824573566,4.571255253693834
681,1,0.0014443144561433914,4.56547799586926
682,2,0.002888628912286783,4.564033681413117
683,9,0.012998830105290524,4.56114505250083
684,5,0.007221572280716957,4.54814622239554
685,21,0.030330603579011222,4.540924650114823
686,2,0.002888628912286783,4.510594046535812
687,7,0.01011020119300374,4.507705417623525
688,4,0.005777257824573566,4.497595216430521
689,4,0.005777257824573566,4.491817958605948
690,4,0.005777257824573566,4.486040700781374
691,2,0.002888628912286783,4.480263442956801
692,2,0.002888628912286783,4.477374814044514
693,2,0.002888628912286783,4.474486185132227
694,4,0.005777257824573566,4.47159755621994
695,6,0.00866588673686035,4.465820298395367
696,2,0.002888628912286783,4.4571544116585065
697,2,0.002888628912286783,4.454265782746219
698,2,0.002888628912286783,4.451377153833933
699,3,0.004332943368430175,4.448488524921646
700,1,0.0014443144561433914,4.444155581553216
701,1,0.0014443144561433914,4.4427112670970725
702,3,0.004332943368430175,4.441266952640929
704,3,0.004332943368430175,4.436934009272499
705,2,0.002888628912286783,4.432601065904069
706,2,0.002888628912286783,4.429712436991782
707,4,0.005777257824573566,4.4268238080794955
708,4,0.005777257824573566,4.421046550254921
709,1,0.0014443144561433914,4.415269292430348
710,3,0.004332943368430175,4.413824977974205
711,3,0.004332943368430175,4.409492034605774
712,3,0.004332943368430175,4.405159091237344
713,1,0.0014443144561433914,4.400826147868914
714,2,0.002888628912286783,4.399381833412771
715,2,0.002888628912286783,4.396493204500484
716,4,0.005777257824573566,4.393604575588197
717,6,0.00866588673686035,4.387827317763623
718,5,0.007221572280716957,4.3791614310267635
719,2,0.002888628912286783,4.371939858746046
720,2,0.002888628912286783,4.36905122983376
721,1,0.0014443144561433914,4.366162600921473
722,3,0.004332943368430175,4.3647182864653296
723,2,0.002888628912286783,4.360385343096899
724,1,0.0014443144561433914,4.357496714184612
725,2,0.002888628912286783,4.356052399728469
726,4,0.005777257824573566,4.353163770816182
727,5,0.007221572280716957,4.3473865129916085
728,3,0.004332943368430175,4.340164940710892
729,4,0.005777257824573566,4.335831997342462
730,1,0.0014443144561433914,4.330054739517887
731,2,0.002888628912286783,4.328610425061744
732,2,0.002888628912286783,4.325721796149458
733,4,0.005777257824573566,4.322833167237171
735,2,0.002888628912286783,4.3170559094125975
736,4,0.005777257824573566,4.31416728050031
737,1,0.0014443144561433914,4.308390022675737
738,1,0.0014443144561433914,4.306945708219594
739,6,0.00866588673686035,4.30550139376345
741,3,0.004332943368430175,4.29683550702659
742,1,0.0014443144561433914,4.29250256365816
743,1,0.0014443144561433914,4.291058249202016
744,3,0.004332943368430175,4.289613934745873
745,2,0.002888628912286783,4.285280991377443
746,1,0.0014443144561433914,4.282392362465156
748,2,0.002888628912286783,4.280948048009012
750,3,0.004332943368430175,4.278059419096726
751,7,0.01011020119300374,4.273726475728296
752,2,0.002888628912286783,4.263616274535292
753,4,0.005777257824573566,4.260727645623005
755,4,0.005777257824573566,4.254950387798432
756,2,0.002888628912286783,4.249173129973858
757,1,0.0014443144561433914,4.246284501061571
758,1,0.0014443144561433914,4.244840186605428
759,3,0.004332943368430175,4.243395872149284
760,2,0.002888628912286783,4.2390629287808546
761,2,0.002888628912286783,4.236174299868567
762,5,0.007221572280716957,4.23328567095628
763,2,0.002888628912286783,4.226064098675564
764,5,0.007221572280716957,4.223175469763277
765,3,0.004332943368430175,4.21595389748256
766,1,0.0014443144561433914,4.21162095411413
767,6,0.00866588673686035,4.210176639657987
768,2,0.002888628912286783,4.201510752921126
769,5,0.007221572280716957,4.198622124008839
770,6,0.00866588673686035,4.1914005517281225
771,3,0.004332943368430175,4.182734664991262
772,3,0.004332943368430175,4.178401721622832
773,1,0.0014443144561433914,4.1740687782544015
774,2,0.002888628912286783,4.172624463798258
775,3,0.004332943368430175,4.169735834885971
776,2,0.002888628912286783,4.165402891517541
777,3,0.004332943368430175,4.162514262605255
778,1,0.0014443144561433914,4.158181319236824
780,2,0.002888628912286783,4.15673700478068
781,7,0.01011020119300374,4.153848375868394
782,1,0.0014443144561433914,4.1437381746753905
783,6,0.00866588673686035,4.1422938602192465
784,2,0.002888628912286783,4.133627973482387
785,2,0.002888628912286783,4.1307393445701
786,3,0.004332943368430175,4.127850715657813
787,2,0.002888628912286783,4.123517772289383
788,5,0.007221572280716957,4.120629143377096
789,3,0.004332943368430175,4.113407571096379
790,1,0.0014443144561433914,4.109074627727949
791,2,0.002888628912286783,4.107630313271805
792,2,0.002888628912286783,4.104741684359519
794,4,0.005777257824573566,4.101853055447232
796,1,0.0014443144561433914,4.0960757976226585
797,3,0.004332943368430175,4.094631483166515
798,3,0.004332943368430175,4.090298539798085
799,3,0.004332943368430175,4.085965596429655
800,2,0.002888628912286783,4.081632653061225
801,3,0.004332943368430175,4.078744024148937
802,3,0.004332943368430175,4.074411080780507
803,2,0.002888628912286783,4.070078137412078
804,3,0.004332943368430175,4.067189508499791
805,1,0.0014443144561433914,4.06285656513136
806,2,0.002888628912286783,4.061412250675217
807,3,0.004332943368430175,4.05852362176293
808,2,0.002888628912286783,4.0541906783945
809,1,0.0014443144561433914,4.051302049482214
810,2,0.002888628912286783,4.04985773502607
811,1,0.0014443144561433914,4.046969106113783
812,2,0.002888628912286783,4.045524791657639
813,2,0.002888628912286783,4.042636162745353
814,2,0.002888628912286783,4.039747533833066
815,2,0.002888628912286783,4.03685890492078
816,3,0.004332943368430175,4.033970276008493
817,2,0.002888628912286783,4.029637332640062
818,1,0.0014443144561433914,4.026748703727776
820,2,0.002888628912286783,4.025304389271632
821,1,0.0014443144561433914,4.022415760359346
823,1,0.0014443144561433914,4.020971445903202
824,1,0.0014443144561433914,4.019527131447059
825,2,0.002888628912286783,4.0180828169909155
826,4,0.005777257824573566,4.015194188078628
827,17,0.024553345754437655,4.009416930254055
828,1,0.0014443144561433914,3.9848635844996174
829,2,0.002888628912286783,3.983419270043474
830,2,0.002888628912286783,3.980530641131187
831,3,0.004332943368430175,3.9776420122189005
833,1,0.0014443144561433914,3.97330906885047
834,2,0.002888628912286783,3.9718647543943266
836,1,0.0014443144561433914,3.96897612548204
837,3,0.004332943368430175,3.9675318110258964
838,3,0.004332943368430175,3.9631988676574665
839,1,0.0014443144561433914,3.9588659242890363
840,1,0.0014443144561433914,3.9574216098328927
841,3,0.004332943368430175,3.9559772953767496
842,1,0.0014443144561433914,3.9516443520083193
845,2,0.002888628912286783,3.9502000375521757
846,3,0.004332943368430175,3.947311408639889
847,4,0.005777257824573566,3.942978465271459
848,2,0.002888628912286783,3.9372012074468854
849,1,0.0014443144561433914,3.9343125785345987
850,1,0.0014443144561433914,3.932868264078455
851,3,0.004332943368430175,3.9314239496223116
852,2,0.002888628912286783,3.9270910062538817
853,1,0.0014443144561433914,3.9242023773415946
854,3,0.004332943368430175,3.9227580628854515
855,2,0.002888628912286783,3.918425119517021
856,1,0.0014443144561433914,3.9155364906047345
857,1,0.0014443144561433914,3.914092176148591
858,6,0.00866588673686035,3.912647861692448
860,1,0.0014443144561433914,3.9039819749555873
861,4,0.005777257824573566,3.9025376604994437
862,2,0.002888628912286783,3.8967604026748703
863,1,0.0014443144561433914,3.8938717737625836
864,3,0.004332943368430175,3.89242745930644
865,2,0.002888628912286783,3.88809451593801
867,1,0.0014443144561433914,3.885205887025723
868,3,0.004332943368430175,3.88376157256958
869,2,0.002888628912286783,3.8794286292011497
870,2,0.002888628912286783,3.876540000288863
872,1,0.0014443144561433914,3.873651371376576
873,3,0.004332943368430175,3.8722070569204328
874,5,0.007221572280716957,3.8678741135520025
875,2,0.002888628912286783,3.8606525412712855
876,2,0.002888628912286783,3.857763912358999
877,1,0.0014443144561433914,3.854875283446712
878,3,0.004332943368430175,3.8534309689905686
879,1,0.0014443144561433914,3.8490980256221383
880,1,0.0014443144561433914,3.847653711165995
881,1,0.0014443144561433914,3.8462093967098516
883,4,0.005777257824573566,3.8447650822537085
884,1,0.0014443144561433914,3.8389878244291347
885,2,0.002888628912286783,3.8375435099729915
886,2,0.002888628912286783,3.8346548810607044
887,1,0.0014443144561433914,3.8317662521484177
888,2,0.002888628912286783,3.8303219376922746
889,2,0.002888628912286783,3.8274333087799874
891,2,0.002888628912286783,3.8245446798677007
892,1,0.0014443144561433914,3.821656050955414
893,3,0.004332943368430175,3.8202117364992705
894,3,0.004332943368430175,3.8158787931308407
895,1,0.0014443144561433914,3.8115458497624104
896,1,0.0014443144561433914,3.810101535306267
897,1,0.0014443144561433914,3.8086572208501237
898,2,0.002888628912286783,3.80721290639398
899,1,0.0014443144561433914,3.8043242774816934
900,1,0.0014443144561433914,3.80287996302555
901,2,0.002888628912286783,3.8014356485694067
902,1,0.0014443144561433914,3.7985470196571196
905,2,0.002888628912286783,3.7971027052009765
906,3,0.004332943368430175,3.79421407628869
907,2,0.002888628912286783,3.7898811329202595
908,2,0.002888628912286783,3.786992504007973
909,1,0.0014443144561433914,3.7841038750956857
910,1,0.0014443144561433914,3.7826595606395426
911,1,0.0014443144561433914,3.781215246183399
912,1,0.0014443144561433914,3.779770931727256
913,1,0.0014443144561433914,3.7783266172711123
914,4,0.005777257824573566,3.7768823028149687
915,2,0.002888628912286783,3.7711050449903953
916,2,0.002888628912286783,3.7682164160781086
917,2,0.002888628912286783,3.765327787165822
920,4,0.005777257824573566,3.762439158253535
921,1,0.0014443144561433914,3.7566619004289614
923,4,0.005777257824573566,3.755217585972818
924,2,0.002888628912286783,3.7494403281482445
925,2,0.002888628912286783,3.7465516992359578
928,1,0.0014443144561433914,3.743663070323671
929,2,0.002888628912286783,3.7422187558675275
931,1,0.0014443144561433914,3.739330126955241
933,1,0.0014443144561433914,3.7378858124990972
934,1,0.0014443144561433914,3.736441498042954
935,2,0.002888628912286783,3.7349971835868105
938,2,0.002888628912286783,3.732108554674524
939,2,0.002888628912286783,3.729219925762237
940,2,0.002888628912286783,3.72633129684995
941,1,0.0014443144561433914,3.7234426679376633
942,3,0.004332943368430175,3.72199835348152
943,1,0.0014443144561433914,3.71766541011309
944,3,0.004332943368430175,3.7162210956569464
945,3,0.004332943368430175,3.711888152288516
946,1,0.0014443144561433914,3.7075552089200863
947,1,0.0014443144561433914,3.7061108944639427
948,4,0.005777257824573566,3.704666580007799
950,2,0.002888628912286783,3.6988893221832257
951,1,0.0014443144561433914,3.696000693270939
953,2,0.002888628912286783,3.6945563788147955
954,1,0.0014443144561433914,3.691667749902509
955,2,0.002888628912286783,3.690223435446365
957,218,0.31486055143925934,3.6873348065340785
959,4,0.005777257824573566,3.3724742550948195
961,1,0.0014443144561433914,3.3666969972702456
962,4,0.005777257824573566,3.3652526828141025
963,2,0.002888628912286783,3.3594754249895287
965,2,0.002888628912286783,3.356586796077242
966,2,0.002888628912286783,3.3536981671649553
967,5,0.007221572280716957,3.3508095382526686
968,2,0.002888628912286783,3.3435879659719516
969,5,0.007221572280716957,3.3406993370596645
970,2,0.002888628912286783,3.3334777647789475
972,5,0.007221572280716957,3.330589135866661
973,1,0.0014443144561433914,3.323367563585944
975,2,0.002888628912286783,3.3219232491298007
976,1,0.0014443144561433914,3.3190346202175136
977,3,0.004332943368430175,3.3175903057613705
978,1,0.0014443144561433914,3.31325736239294
979,2,0.002888628912286783,3.3118130479367967
980,2,0.002888628912286783,3.30892441902451
983,2,0.002888628912286783,3.3060357901122233
984,1,0.0014443144561433914,3.3031471611999366
985,1,0.0014443144561433914,3.301702846743793
986,2,0.002888628912286783,3.30025853228765
987,1,0.0014443144561433914,3.2973699033753627
988,2,0.002888628912286783,3.2959255889192196
989,1,0.0014443144561433914,3.293036960006933
991,5,0.007221572280716957,3.2915926455507893
995,1,0.0014443144561433914,3.2843710732700724
997,2,0.002888628912286783,3.282926758813929
999,1,0.0014443144561433914,3.280038129901642
1003,2,0.002888628912286783,3.278593815445499
1006,1,0.0014443144561433914,3.275705186533212
1007,1,0.0014443144561433914,3.2742608720770687
1008,3,0.004332943368430175,3.272816557620925
1010,2,0.002888628912286783,3.268483614252495
1011,2,0.002888628912286783,3.265594985340208
1012,2,0.002888628912286783,3.2627063564279215
1013,1,0.0014443144561433914,3.259817727515635
1014,2,0.002888628912286783,3.2583734130594912
1015,1,0.0014443144561433914,3.2554847841472045
1016,1,0.0014443144561433914,3.254040469691061
1017,1,0.0014443144561433914,3.252596155234918
1022,1,0.0014443144561433914,3.2511518407787743
1023,2,0.002888628912286783,3.249707526322631
1024,1,0.0014443144561433914,3.246818897410344
1025,2,0.002888628912286783,3.245374582954201
1026,2,0.002888628912286783,3.242485954041914
1027,2,0.002888628912286783,3.239597325129627
1029,2,0.002888628912286783,3.2367086962173404
1030,1,0.0014443144561433914,3.2338200673050537
1031,1,0.0014443144561433914,3.23237575284891
1032,1,0.0014443144561433914,3.230931438392767
1033,1,0.0014443144561433914,3.2294871239366234
1034,1,0.0014443144561433914,3.2280428094804803
1035,3,0.004332943368430175,3.2265984950243367
1036,2,0.002888628912286783,3.2222655516559064
1037,2,0.002888628912286783,3.2193769227436198
1038,2,0.002888628912286783,3.216488293831333
1042,1,0.0014443144561433914,3.2135996649190464
1043,1,0.0014443144561433914,3.212155350462903
1045,1,0.0014443144561433914,3.2107110360067592
1046,1,0.0014443144561433914,3.209266721550616
1048,1,0.0014443144561433914,3.2078224070944725
1049,1,0.0014443144561433914,3.2063780926383294
1050,3,0.004332943368430175,3.204933778182186
1052,2,0.002888628912286783,3.2006008348137556
1053,1,0.0014443144561433914,3.197712205901469
1055,1,0.0014443144561433914,3.1962678914453253
1056,1,0.0014443144561433914,3.194823576989182
1057,3,0.004332943368430175,3.1933792625330386
1058,1,0.0014443144561433914,3.1890463191646083
1060,1,0.0014443144561433914,3.187602004708465
1061,6,0.00866588673686035,3.1861576902523217
1063,3,0.004332943368430175,3.1774918035154616
1064,6,0.00866588673686035,3.1731588601470313
1065,1,0.0014443144561433914,3.1644929734101708
1067,1,0.0014443144561433914,3.1630486589540276
1069,2,0.002888628912286783,3.161604344497884
1070,1,0.0014443144561433914,3.1587157155855974
1071,1,0.0014443144561433914,3.157271401129454
1072,2,0.002888628912286783,3.1558270866733107
1075,2,0.002888628912286783,3.1529384577610235
1076,1,0.0014443144561433914,3.150049828848737
1077,1,0.0014443144561433914,3.1486055143925937
1079,1,0.0014443144561433914,3.14716119993645
1080,2,0.002888628912286783,3.1457168854803066
1081,4,0.005777257824573566,3.14282825656802
1082,1,0.0014443144561433914,3.1370509987434465
1083,2,0.002888628912286783,3.135606684287303
1084,1,0.0014443144561433914,3.1327180553750162
1086,4,0.005777257824573566,3.1312737409188727
1087,1,0.0014443144561433914,3.1254964830942993
1089,2,0.002888628912286783,3.1240521686381557
1090,2,0.002888628912286783,3.121163539725869
1091,1,0.0014443144561433914,3.1182749108135823
1092,3,0.004332943368430175,3.1168305963574388
1094,1,0.0014443144561433914,3.112497652989009
1095,2,0.002888628912286783,3.1110533385328654
1097,2,0.002888628912286783,3.1081647096205787
1098,1,0.0014443144561433914,3.105276080708292
1100,1,0.0014443144561433914,3.1038317662521484
1102,1,0.0014443144561433914,3.102387451796005
1103,1,0.0014443144561433914,3.1009431373398617
1104,2,0.002888628912286783,3.099498822883718
1105,1,0.0014443144561433914,3.0966101939714314
1106,1,0.0014443144561433914,3.095165879515288
1107,2,0.002888628912286783,3.0937215650591448
1110,3,0.004332943368430175,3.090832936146858
1112,2,0.002888628912286783,3.086499992778428
1113,1,0.0014443144561433914,3.083611363866141
1114,1,0.0014443144561433914,3.0821670494099975
1115,1,0.0014443144561433914,3.080722734953854
1116,3,0.004332943368430175,3.079278420497711
1117,1,0.0014443144561433914,3.0749454771292806
1119,1,0.0014443144561433914,3.073501162673137
1121,2,0.002888628912286783,3.072056848216994
1122,2,0.002888628912286783,3.069168219304707
1123,1,0.0014443144561433914,3.06627959039242
1124,2,0.002888628912286783,3.064835275936277
1125,1,0.0014443144561433914,3.06194664702399
1128,1,0.0014443144561433914,3.0605023325678467
1130,2,0.002888628912286783,3.059058018111703
1131,1,0.0014443144561433914,3.0561693891994164
1132,2,0.002888628912286783,3.0547250747432733
1133,1,0.0014443144561433914,3.051836445830986
1134,1,0.0014443144561433914,3.050392131374843
1135,1,0.0014443144561433914,3.0489478169186994
1136,1,0.0014443144561433914,3.0475035024625563
1138,1,0.0014443144561433914,3.0460591880064127
1140,1,0.0014443144561433914,3.044614873550269
1141,1,0.0014443144561433914,3.043170559094126
1142,2,0.002888628912286783,3.0417262446379825
1146,1,0.0014443144561433914,3.0388376157256958
1147,3,0.004332943368430175,3.037393301269552
1150,1,0.0014443144561433914,3.0330603579011224
1151,1,0.0014443144561433914,3.031616043444979
1155,1,0.0014443144561433914,3.0301717289888352
1157,2,0.002888628912286783,3.028727414532692
1158,1,0.0014443144561433914,3.0258387856204054
1160,2,0.002888628912286783,3.024394471164262
1161,1,0.0014443144561433914,3.021505842251975
1163,3,0.004332943368430175,3.0200615277958316
1165,1,0.0014443144561433914,3.0157285844274013
1166,2,0.002888628912286783,3.014284269971258
1168,1,0.0014443144561433914,3.0113956410589715
1169,1,0.0014443144561433914,3.009951326602828
1170,1,0.0014443144561433914,3.0085070121466844
1171,2,0.002888628912286783,3.0070626976905412
1173,1,0.0014443144561433914,3.0041740687782545
1175,1,0.0014443144561433914,3.002729754322111
1176,1,0.0014443144561433914,3.0012854398659674
1178,1,0.0014443144561433914,2.9998411254098243
1179,1,0.0014443144561433914,2.9983968109536807
1183,1,0.0014443144561433914,2.9969524964975376
1184,1,0.0014443144561433914,2.995508182041394
1186,1,0.0014443144561433914,2.9940638675852504
1189,3,0.004332943368430175,2.9926195531291073
1191,1,0.0014443144561433914,2.988286609760677
1192,1,0.0014443144561433914,2.9868422953045335
1193,3,0.004332943368430175,2.9853979808483904
1195,1,0.0014443144561433914,2.98106503747996
1196,3,0.004332943368430175,2.9796207230238165
1197,1,0.0014443144561433914,2.9752877796553867
1198,1,0.0014443144561433914,2.973843465199243
1200,1,0.0014443144561433914,2.9723991507430996
1201,2,0.002888628912286783,2.9709548362869564
1203,1,0.0014443144561433914,2.9680662073746698
1205,1,0.0014443144561433914,2.966621892918526
1207,1,0.0014443144561433914,2.9651775784623826
1208,1,0.0014443144561433914,2.9637332640062395
1209,1,0.0014443144561433914,2.962288949550096
1210,1,0.0014443144561433914,2.960844635093953
1211,1,0.0014443144561433914,2.9594003206378092
1212,2,0.002888628912286783,2.9579560061816657
1217,1,0.0014443144561433914,2.955067377269379
1222,2,0.002888628912286783,2.953623062813236
1223,1,0.0014443144561433914,2.9507344339009487
1224,1,0.0014443144561433914,2.9492901194448056
1227,1,0.0014443144561433914,2.947845804988662
1228,1,0.0014443144561433914,2.946401490532519
1231,1,0.0014443144561433914,2.9449571760763753
1232,2,0.002888628912286783,2.9435128616202317
1235,1,0.0014443144561433914,2.940624232707945
1239,1,0.0014443144561433914,2.939179918251802
1240,1,0.0014443144561433914,2.9377356037956583
1243,1,0.0014443144561433914,2.936291289339515
1244,3,0.004332943368430175,2.9348469748833717
1245,2,0.002888628912286783,2.9305140315149414
1246,1,0.0014443144561433914,2.9276254026026547
1249,1,0.0014443144561433914,2.926181088146511
1250,1,0.0014443144561433914,2.924736773690368
1251,1,0.0014443144561433914,2.9232924592342244
1253,1,0.0014443144561433914,2.9218481447780813
1255,1,0.0014443144561433914,2.9204038303219377
1258,2,0.002888628912286783,2.918959515865794
1259,1,0.0014443144561433914,2.9160708869535075
1261,1,0.0014443144561433914,2.9146265724973643
1262,2,0.002888628912286783,2.9131822580412208
1265,3,0.004332943368430175,2.910293629128934
1266,1,0.0014443144561433914,2.905960685760504
1267,1,0.0014443144561433914,2.9045163713043602
1268,1,0.0014443144561433914,2.903072056848217
1270,1,0.0014443144561433914,2.9016277423920736
1271,1,0.0014443144561433914,2.9001834279359304
1272,1,0.0014443144561433914,2.898739113479787
1277,1,0.0014443144561433914,2.8972947990236433
1278,1,0.0014443144561433914,2.8958504845675
1279,1,0.0014443144561433914,2.8944061701113566
1280,3,0.004332943368430175,2.8929618556552135
1282,1,0.0014443144561433914,2.888628912286783
1283,3,0.004332943368430175,2.8871845978306396
1284,2,0.002888628912286783,2.8828516544622094
1285,1,0.0014443144561433914,2.8799630255499227
1287,2,0.002888628912286783,2.8785187110937795
1288,2,0.002888628912286783,2.8756300821814924
1290,1,0.0014443144561433914,2.8727414532692057
1291,1,0.0014443144561433914,2.8712971388130626
1296,1,0.0014443144561433914,2.869852824356919
1298,1,0.0014443144561433914,2.8684085099007754
1301,1,0.0014443144561433914,2.8669641954446323
1304,2,0.002888628912286783,2.8655198809884888
1309,1,0.0014443144561433914,2.862631252076202
1310,3,0.004332943368430175,2.8611869376200585
1311,1,0.0014443144561433914,2.8568539942516287
1312,1,0.0014443144561433914,2.855409679795485
1313,1,0.0014443144561433914,2.8539653653393415
1314,1,0.0014443144561433914,2.8525210508831984
1315,1,0.0014443144561433914,2.851076736427055
1318,1,0.0014443144561433914,2.8496324219709117
1319,1,0.0014443144561433914,2.848188107514768
1322,1,0.0014443144561433914,2.8467437930586246
1324,1,0.0014443144561433914,2.8452994786024814
1326,1,0.0014443144561433914,2.843855164146338
1328,3,0.004332943368430175,2.8424108496901948
1330,1,0.0014443144561433914,2.8380779063217645
1333,1,0.0014443144561433914,2.836633591865621
1334,1,0.0014443144561433914,2.835189277409478
1335,1,0.0014443144561433914,2.8337449629533342
1336,1,0.0014443144561433914,2.8323006484971907
1339,1,0.0014443144561433914,2.8308563340410475
1340,1,0.0014443144561433914,2.829412019584904
1341,1,0.0014443144561433914,2.827967705128761
1342,1,0.0014443144561433914,2.8265233906726173
1343,2,0.002888628912286783,2.8250790762164737
1344,1,0.0014443144561433914,2.822190447304187
1346,2,0.002888628912286783,2.820746132848044
1348,1,0.0014443144561433914,2.8178575039357567
1352,2,0.002888628912286783,2.8164131894796136
1357,2,0.002888628912286783,2.813524560567327
1359,1,0.0014443144561433914,2.8106359316550398
1360,2,0.002888628912286783,2.8091916171988967
1363,1,0.0014443144561433914,2.80630298828661
1365,1,0.0014443144561433914,2.8048586738304664
1367,3,0.004332943368430175,2.803414359374323
1373,1,0.0014443144561433914,2.799081416005893
1380,1,0.0014443144561433914,2.7976371015497494
1386,2,0.002888628912286783,2.796192787093606
1389,1,0.0014443144561433914,2.793304158181319
1392,2,0.002888628912286783,2.791859843725176
1397,1,0.0014443144561433914,2.788971214812889
1401,1,0.0014443144561433914,2.7875269003567458
1405,1,0.0014443144561433914,2.786082585900602
1406,1,0.0014443144561433914,2.784638271444459
1408,1,0.0014443144561433914,2.7831939569883155
1410,1,0.0014443144561433914,2.781749642532172
1411,1,0.0014443144561433914,2.780305328076029
1412,1,0.0014443144561433914,2.7788610136198852
1417,3,0.004332943368430175,2.777416699163742
1423,1,0.0014443144561433914,2.773083755795312
1428,2,0.002888628912286783,2.7716394413391683
1431,2,0.002888628912286783,2.7687508124268816
1432,1,0.0014443144561433914,2.765862183514595
1436,1,0.0014443144561433914,2.7644178690584513
1438,1,0.0014443144561433914,2.762973554602308
1440,2,0.002888628912286783,2.7615292401461646
1441,1,0.0014443144561433914,2.758640611233878
1442,1,0.0014443144561433914,2.7571962967777344
1445,3,0.004332943368430175,2.7557519823215912
1447,1,0.0014443144561433914,2.751419038953161
1448,1,0.0014443144561433914,2.7499747244970174
1450,3,0.004332943368430175,2.7485304100408743
1455,1,0.0014443144561433914,2.744197466672444
1457,2,0.002888628912286783,2.7427531522163004
1458,1,0.0014443144561433914,2.7398645233040138
1459,1,0.0014443144561433914,2.73842020884787
1461,1,0.0014443144561433914,2.736975894391727
1462,1,0.0014443144561433914,2.7355315799355835
1470,2,0.002888628912286783,2.7340872654794404
1471,1,0.0014443144561433914,2.7311986365671532
1475,1,0.0014443144561433914,2.72975432211101
1476,1,0.0014443144561433914,2.7283100076548665
1479,2,0.002888628912286783,2.7268656931987234
1485,2,0.002888628912286783,2.7239770642864363
1489,1,0.0014443144561433914,2.7210884353741496
1490,2,0.002888628912286783,2.7196441209180064
1491,1,0.0014443144561433914,2.7167554920057193
1498,1,0.0014443144561433914,2.715311177549576
1500,1,0.0014443144561433914,2.7138668630934326
1502,2,0.002888628912286783,2.7124225486372895
1503,1,0.0014443144561433914,2.7095339197250023
1505,1,0.0014443144561433914,2.7080896052688592
1506,2,0.002888628912286783,2.7066452908127157
1508,1,0.0014443144561433914,2.703756661900429
1509,1,0.0014443144561433914,2.7023123474442854
1510,1,0.0014443144561433914,2.7008680329881423
1511,1,0.0014443144561433914,2.6994237185319987
1515,2,0.002888628912286783,2.6979794040758556
1519,1,0.0014443144561433914,2.6950907751635684
1520,2,0.002888628912286783,2.6936464607074253
1523,1,0.0014443144561433914,2.6907578317951386
1525,2,0.002888628912286783,2.689313517338995
1526,1,0.0014443144561433914,2.6864248884267083
1527,2,0.002888628912286783,2.6849805739705648
1531,1,0.0014443144561433914,2.682091945058278
1532,1,0.0014443144561433914,2.6806476306021345
1535,1,0.0014443144561433914,2.6792033161459914
1538,1,0.0014443144561433914,2.677759001689848
1539,1,0.0014443144561433914,2.6763146872337047
1542,2,0.002888628912286783,2.674870372777561
1543,1,0.0014443144561433914,2.6719817438652744
1547,2,0.002888628912286783,2.670537429409131
1553,2,0.002888628912286783,2.667648800496844
1565,1,0.0014443144561433914,2.6647601715845575
1566,1,0.0014443144561433914,2.663315857128414
1569,1,0.0014443144561433914,2.6618715426722708
1570,833,1.2031139419674453,2.660427228216127
1574,1,0.0014443144561433914,1.4573132862486822
1576,1,0.0014443144561433914,1.4558689717925386
1577,2,0.002888628912286783,1.4544246573363953
1579,2,0.002888628912286783,1.4515360284241086
1580,1,0.0014443144561433914,1.4486473995118216
1584,1,0.0014443144561433914,1.4472030850556783
1585,1,0.0014443144561433914,1.445758770599535
1593,1,0.0014443144561433914,1.4443144561433916
1596,1,0.0014443144561433914,1.4428701416872483
1598,1,0.0014443144561433914,1.4414258272311047
1599,2,0.002888628912286783,1.4399815127749613
1600,1,0.0014443144561433914,1.4370928838626746
1601,1,0.0014443144561433914,1.4356485694065313
1602,6,0.00866588673686035,1.4342042549503877
1608,1,0.0014443144561433914,1.4255383682135274
1610,1,0.0014443144561433914,1.424094053757384
1611,2,0.002888628912286783,1.4226497393012407
1613,1,0.0014443144561433914,1.4197611103889538
1616,2,0.002888628912286783,1.4183167959328105
1617,1,0.0014443144561433914,1.4154281670205238
1619,1,0.0014443144561433914,1.4139838525643804
1625,2,0.002888628912286783,1.4125395381082368
1626,1,0.0014443144561433914,1.4096509091959502
1628,1,0.0014443144561433914,1.4082065947398068
1632,1,0.0014443144561433914,1.4067622802836635
1633,1,0.0014443144561433914,1.4053179658275199
1636,1,0.0014443144561433914,1.4038736513713765
1641,1,0.0014443144561433914,1.4024293369152332
1642,1,0.0014443144561433914,1.4009850224590898
1643,1,0.0014443144561433914,1.3995407080029465
1647,2,0.002888628912286783,1.398096393546803
1650,2,0.002888628912286783,1.3952077646345162
1655,1,0.0014443144561433914,1.3923191357222295
1661,2,0.002888628912286783,1.390874821266086
1663,1,0.0014443144561433914,1.3879861923537993
1669,2,0.002888628912286783,1.386541877897656
1677,1,0.0014443144561433914,1.383653248985369
1679,1,0.0014443144561433914,1.3822089345292257
1685,1,0.0014443144561433914,1.3807646200730823
1688,1,0.0014443144561433914,1.379320305616939
1690,1,0.0014443144561433914,1.3778759911607956
1691,1,0.0014443144561433914,1.376431676704652
1697,1,0.0014443144561433914,1.3749873622485087
1703,2,0.002888628912286783,1.3735430477923654
1704,1,0.0014443144561433914,1.3706544188800787
1705,1,0.0014443144561433914,1.369210104423935
1710,1,0.0014443144561433914,1.3677657899677917
1711,1,0.0014443144561433914,1.3663214755116484
1715,1,0.0014443144561433914,1.364877161055505
1718,1,0.0014443144561433914,1.3634328465993617
1720,1,0.0014443144561433914,1.3619885321432181
1729,1,0.0014443144561433914,1.3605442176870748
1731,1,0.0014443144561433914,1.3590999032309314
1738,1,0.0014443144561433914,1.357655588774788
1740,1,0.0014443144561433914,1.3562112743186447
1744,2,0.002888628912286783,1.3547669598625012
1759,1,0.0014443144561433914,1.3518783309502145
1762,1,0.0014443144561433914,1.3504340164940711
1763,1,0.0014443144561433914,1.3489897020379278
1767,1,0.0014443144561433914,1.3475453875817842
1771,1,0.0014443144561433914,1.3461010731256409
1777,1,0.0014443144561433914,1.3446567586694975
1783,1,0.0014443144561433914,1.3432124442133542
1784,2,0.002888628912286783,1.3417681297572108
1799,1,0.0014443144561433914,1.338879500844924
1802,2,0.002888628912286783,1.3374351863887806
1806,681,0.9835781446336497,1.3345465574764939
1810,2,0.002888628912286783,0.35096841284284414
1814,2,0.002888628912286783,0.3480797839305574
1815,1,0.0014443144561433914,0.3451911550182706
1816,2,0.002888628912286783,0.3437468405621272
1817,1,0.0014443144561433914,0.3408582116498404
1825,2,0.002888628912286783,0.339413897193697
1828,1,0.0014443144561433914,0.3365252682814102
1830,1,0.0014443144561433914,0.3350809538252668
1831,1,0.0014443144561433914,0.33363663936912347
1833,1,0.0014443144561433914,0.33219232491298006
1836,1,0.0014443144561433914,0.33074801045683666
1837,4,0.005777257824573566,0.32930369600069326
1838,1,0.0014443144561433914,0.3235264381761197
1839,1,0.0014443144561433914,0.3220821237199763
1842,3,0.004332943368430175,0.3206378092638329
1846,1,0.0014443144561433914,0.31630486589540274
1849,4,0.005777257824573566,0.31486055143925934
1854,1,0.0014443144561433914,0.3090832936146858
1856,2,0.002888628912286783,0.3076389791585424
1859,1,0.0014443144561433914,0.30475035024625563
1863,1,0.0014443144561433914,0.3033060357901122
1866,1,0.0014443144561433914,0.3018617213339688
1867,1,0.0014443144561433914,0.3004174068778254
1869,1,0.0014443144561433914,0.2989730924216821
1870,1,0.0014443144561433914,0.29752877796553867
1872,1,0.0014443144561433914,0.29608446350939527
1873,2,0.002888628912286783,0.29464014905325187
1875,1,0.0014443144561433914,0.2917515201409651
1876,2,0.002888628912286783,0.2903072056848217
1882,1,0.0014443144561433914,0.2874185767725349
1888,1,0.0014443144561433914,0.2859742623163915
1897,2,0.002888628912286783,0.28452994786024816
1899,1,0.0014443144561433914,0.28164131894796135
1902,1,0.0014443144561433914,0.28019700449181795
1903,1,0.0014443144561433914,0.27875269003567454
1904,1,0.0014443144561433914,0.2773083755795312
1908,1,0.0014443144561433914,0.2758640611233878
1914,1,0.0014443144561433914,0.2744197466672444
1919,1,0.0014443144561433914,0.272975432211101
1921,1,0.0014443144561433914,0.2715311177549576
1923,1,0.0014443144561433914,0.27008680329881424
1929,2,0.002888628912286783,0.26864248884267083
1936,1,0.0014443144561433914,0.26575385993038403
1938,1,0.0014443144561433914,0.2643095454742406
1948,1,0.0014443144561433914,0.2628652310180973
1951,2,0.002888628912286783,0.2614209165619539
1960,1,0.0014443144561433914,0.25853228764966707
1965,1,0.0014443144561433914,0.25708797319352367
1971,1,0.0014443144561433914,0.2556436587373803
1980,1,0.0014443144561433914,0.2541993442812369
1983,1,0.0014443144561433914,0.2527550298250935
1987,1,0.0014443144561433914,0.2513107153689501
1991,1,0.0014443144561433914,0.24986640091280674
1994,1,0.0014443144561433914,0.24842208645666333
2011,2,0.002888628912286783,0.24697777200051996
2012,1,0.0014443144561433914,0.24408914308823318
2020,6,0.00866588673686035,0.24264482863208978
2022,1,0.0014443144561433914,0.23397894189522944
2023,2,0.002888628912286783,0.23253462743908604
2027,1,0.0014443144561433914,0.22964599852679926
2029,1,0.0014443144561433914,0.22820168407065586
2030,3,0.004332943368430175,0.22675736961451248
2032,1,0.0014443144561433914,0.2224244262460823
2035,1,0.0014443144561433914,0.2209801117899389
2038,1,0.0014443144561433914,0.21953579733379552
2041,1,0.0014443144561433914,0.21809148287765212
2042,1,0.0014443144561433914,0.21664716842150872
2043,1,0.0014443144561433914,0.21520285396536534
2045,1,0.0014443144561433914,0.21375853950922194
2046,1,0.0014443144561433914,0.21231422505307856
2049,1,0.0014443144561433914,0.21086991059693516
2050,2,0.002888628912286783,0.2094255961407918
2055,1,0.0014443144561433914,0.20653696722850498
2056,1,0.0014443144561433914,0.2050926527723616
2060,1,0.0014443144561433914,0.2036483383162182
2061,1,0.0014443144561433914,0.20220402386007483
2062,2,0.002888628912286783,0.20075970940393142
2068,1,0.0014443144561433914,0.19787108049164465
2069,1,0.0014443144561433914,0.19642676603550124
2071,1,0.0014443144561433914,0.19498245157935787
2076,1,0.0014443144561433914,0.19353813712321447
2077,1,0.0014443144561433914,0.19209382266707106
2082,1,0.0014443144561433914,0.1906495082109277
2083,1,0.0014443144561433914,0.18920519375478428
2086,1,0.0014443144561433914,0.1877608792986409
2087,1,0.0014443144561433914,0.1863165648424975
2089,1,0.0014443144561433914,0.1848722503863541
2099,1,0.0014443144561433914,0.18342793593021073
2100,1,0.0014443144561433914,0.18198362147406733
2113,1,0.0014443144561433914,0.18053930701792395
2123,1,0.0014443144561433914,0.17909499256178055
2143,1,0.0014443144561433914,0.17765067810563717
2145,1,0.0014443144561433914,0.17620636364949377
2148,1,0.0014443144561433914,0.17476204919335037
2150,1,0.0014443144561433914,0.173317734737207
2161,1,0.0014443144561433914,0.1718734202810636
2165,1,0.0014443144561433914,0.1704291058249202
2176,1,0.0014443144561433914,0.1689847913687768
2180,1,0.0014443144561433914,0.1675404769126334
2188,1,0.0014443144561433914,0.16609616245649003
2192,1,0.0014443144561433914,0.16465184800034663
2200,1,0.0014443144561433914,0.16320753354420325
2211,2,0.002888628912286783,0.16176321908805985
2217,1,0.0014443144561433914,0.15887459017577307
2221,1,0.0014443144561433914,0.15743027571962967
2223,1,0.0014443144561433914,0.1559859612634863
2237,1,0.0014443144561433914,0.1545416468073429
2244,1,0.0014443144561433914,0.15309733235119952
2258,1,0.0014443144561433914,0.1516530178950561
2262,1,0.0014443144561433914,0.1502087034389127
2273,1,0.0014443144561433914,0.14876438898276934
2276,1,0.0014443144561433914,0.14732007452662593
2279,1,0.0014443144561433914,0.14587576007048256
2285,2,0.002888628912286783,0.14443144561433915
2290,1,0.0014443144561433914,0.14154281670205238
2298,1,0.0014443144561433914,0.14009850224590897
2305,1,0.0014443144561433914,0.1386541877897656
2313,1,0.0014443144561433914,0.1372098733336222
2317,1,0.0014443144561433914,0.1357655588774788
2326,1,0.0014443144561433914,0.13432124442133542
2349,1,0.0014443144561433914,0.13287692996519201
2355,2,0.002888628912286783,0.13143261550904864
2357,1,0.0014443144561433914,0.12854398659676183
2358,1,0.0014443144561433914,0.12709967214061846
2365,1,0.0014443144561433914,0.12565535768447506
2378,1,0.0014443144561433914,0.12421104322833167
2388,1,0.0014443144561433914,0.12276672877218828
2403,1,0.0014443144561433914,0.12132241431604489
2404,1,0.0014443144561433914,0.1198780998599015
2412,1,0.0014443144561433914,0.11843378540375811
2413,1,0.0014443144561433914,0.11698947094761472
2429,1,0.0014443144561433914,0.11554515649147132
2435,2,0.002888628912286783,0.11410084203532793
2445,1,0.0014443144561433914,0.11121221312304115
2454,2,0.002888628912286783,0.10976789866689776
2464,1,0.0014443144561433914,0.10687926975461097
2486,1,0.0014443144561433914,0.10543495529846758
2497,1,0.0014443144561433914,0.10399064084232419
2510,1,0.0014443144561433914,0.1025463263861808
2512,1,0.0014443144561433914,0.10110201193003741
2524,1,0.0014443144561433914,0.09965769747389401
2530,1,0.0014443144561433914,0.09821338301775062
2536,1,0.0014443144561433914,0.09676906856160723
2545,2,0.002888628912286783,0.09532475410546384
2548,1,0.0014443144561433914,0.09243612519317705
2563,1,0.0014443144561433914,0.09099181073703366
2566,1,0.0014443144561433914,0.08954749628089027
2567,2,0.002888628912286783,0.08810318182474688
2570,1,0.0014443144561433914,0.0852145529124601
2579,1,0.0014443144561433914,0.0837702384563167
2590,1,0.0014443144561433914,0.08232592400017331
2600,1,0.0014443144561433914,0.08088160954402993
2606,1,0.0014443144561433914,0.07943729508788654
2607,1,0.0014443144561433914,0.07799298063174315
2611,1,0.0014443144561433914,0.07654866617559976
2636,1,0.0014443144561433914,0.07510435171945636
2647,1,0.0014443144561433914,0.07366003726331297
2661,1,0.0014443144561433914,0.07221572280716958
2668,1,0.0014443144561433914,0.07077140835102619
2678,1,0.0014443144561433914,0.0693270938948828
2691,1,0.0014443144561433914,0.0678827794387394
2704,1,0.0014443144561433914,0.06643846498259601
2746,1,0.0014443144561433914,0.06499415052645262
2755,1,0.0014443144561433914,0.06354983607030923
2761,1,0.0014443144561433914,0.06210552161416583
2771,1,0.0014443144561433914,0.060661207158022444
2794,1,0.0014443144561433914,0.059216892701879055
2846,1,0.0014443144561433914,0.05777257824573566
2851,1,0.0014443144561433914,0.05632826378959227
2859,1,0.0014443144561433914,0.05488394933344888
2903,1,0.0014443144561433914,0.053439634877305485
2917,1,0.0014443144561433914,0.051995320421162096
2954,1,0.0014443144561433914,0.05055100596501871
2970,1,0.0014443144561433914,0.04910669150887531
2986,1,0.0014443144561433914,0.04766237705273192
2991,1,0.0014443144561433914,0.046218062596588526
3004,1,0.0014443144561433914,0.04477374814044514
3018,1,0.0014443144561433914,0.04332943368430175
3022,1,0.0014443144561433914,0.04188511922815835
3050,1,0.0014443144561433914,0.04044080477201496
3064,1,0.0014443144561433914,0.038996490315871574
3077,1,0.0014443144561433914,0.03755217585972818
3100,1,0.0014443144561433914,0.03610786140358479
3183,1,0.0014443144561433914,0.0346635469474414
3217,1,0.0014443144561433914,0.033219232491298004
3247,1,0.0014443144561433914,0.031774918035154615
3313,1,0.0014443144561433914,0.030330603579011222
3347,1,0.0014443144561433914,0.02888628912286783
3401,1,0.0014443144561433914,0.02744197466672444
3415,1,0.0014443144561433914,0.025997660210581048
3421,1,0.0014443144561433914,0.024553345754437655
3434,1,0.0014443144561433914,0.023109031298294263
3450,1,0.0014443144561433914,0.021664716842150874
3454,1,0.0014443144561433914,0.02022040238600748
3474,1,0.0014443144561433914,0.01877608792986409
3517,1,0.0014443144561433914,0.0173317734737207
3535,1,0.0014443144561433914,0.015887459017577307
3586,1,0.0014443144561433914,0.014443144561433915
3605,1,0.0014443144561433914,0.012998830105290524
3651,1,0.0014443144561433914,0.011554515649147131
3696,1,0.0014443144561433914,0.01011020119300374
3783,1,0.0014443144561433914,0.00866588673686035
3857,1,0.0014443144561433914,0.007221572280716957
4219,1,0.0014443144561433914,0.005777257824573566
4428,1,0.0014443144561433914,0.004332943368430175
4560,1,0.0014443144561433914,0.002888628912286783
4796,1,0.0014443144561433914,0.0014443144561433914
