community,group_authors,leading_value,leading_value_authors,leading_value_share,top_three
1,6891,United States,1410,0.2046147148454506,"United States (1410, 20.5%); United Kingdom (1065, 15.5%); Netherlands (723, 10.5%)"
2,3646,United States,1432,0.3927591881513988,"United States (1432, 39.3%); United Kingdom (494, 13.5%); Germany (230, 6.3%)"
3,3236,United States,2554,0.7892459826946848,"United States (2554, 78.9%); Canada (114, 3.5%); Unknown country (98, 3.0%)"
4,2581,United States,703,0.27237504843084076,"United States (703, 27.2%); United Kingdom (409, 15.8%); Netherlands (232, 9.0%)"
5,2201,United Kingdom,1994,0.9059518400726942,"United Kingdom (1994, 90.6%); Italy (155, 7.0%); Unknown country (18, 0.8%)"
6,1963,United Kingdom,1117,0.5690269994905757,"United Kingdom (1117, 56.9%); United States (208, 10.6%); Germany (170, 8.7%)"
7,1754,United States,688,0.3922462941847206,"United States (688, 39.2%); United Kingdom (679, 38.7%); Australia (69, 3.9%)"
8,1748,United States,810,0.4633867276887872,"United States (810, 46.3%); Germany (219, 12.5%); South Korea (146, 8.4%)"
9,1609,United Kingdom,771,0.4791796146674953,"United Kingdom (771, 47.9%); United States (312, 19.4%); China (112, 7.0%)"
10,1599,United States,513,0.32082551594746717,"United States (513, 32.1%); United Kingdom (259, 16.2%); Spain (128, 8.0%)"
11,1580,United Kingdom,477,0.3018987341772152,"United Kingdom (477, 30.2%); United States (230, 14.6%); Australia (209, 13.2%)"
12,1564,United Kingdom,1005,0.6425831202046036,"United Kingdom (1005, 64.3%); United States (80, 5.1%); Australia (64, 4.1%)"
13,1240,China,372,0.3,"China (372, 30.0%); United Kingdom (344, 27.7%); Germany (145, 11.7%)"
14,1219,China,1070,0.8777686628383922,"China (1070, 87.8%); United States (65, 5.3%); Australia (32, 2.6%)"
15,1209,United States,776,0.6418527708850289,"United States (776, 64.2%); Canada (61, 5.0%); Taiwan (53, 4.4%)"
16,1160,United States,750,0.646551724137931,"United States (750, 64.7%); United Kingdom (70, 6.0%); Israel (54, 4.7%)"
17,1139,United Kingdom,683,0.5996488147497805,"United Kingdom (683, 60.0%); United States (114, 10.0%); Spain (46, 4.0%)"
18,1058,United Kingdom,518,0.4896030245746692,"United Kingdom (518, 49.0%); China (304, 28.7%); United States (78, 7.4%)"
19,988,United States,624,0.631578947368421,"United States (624, 63.2%); Australia (88, 8.9%); Canada (69, 7.0%)"
20,894,Denmark,306,0.3422818791946309,"Denmark (306, 34.2%); Iceland (242, 27.1%); United States (112, 12.5%)"
21,838,China,727,0.8675417661097852,"China (727, 86.8%); Sweden (77, 9.2%); United States (10, 1.2%)"
22,772,United States,515,0.667098445595855,"United States (515, 66.7%); Belgium (42, 5.4%); Canada (31, 4.0%)"
23,744,Canada,177,0.23790322580645162,"Canada (177, 23.8%); France (122, 16.4%); Denmark (74, 9.9%)"
24,719,United States,296,0.41168289290681503,"United States (296, 41.2%); Spain (112, 15.6%); United Kingdom (101, 14.0%)"
25,668,United Kingdom,169,0.25299401197604793,"United Kingdom (169, 25.3%); Australia (145, 21.7%); Spain (42, 6.3%)"
26,667,United States,201,0.30134932533733133,"United States (201, 30.1%); China (192, 28.8%); France (75, 11.2%)"
27,629,Canada,264,0.41971383147853736,"Canada (264, 42.0%); United States (93, 14.8%); Australia (65, 10.3%)"
28,629,China,331,0.5262321144674086,"China (331, 52.6%); United Kingdom (101, 16.1%); United States (57, 9.1%)"
29,609,United States,134,0.2200328407224959,"United States (134, 22.0%); Italy (117, 19.2%); France (95, 15.6%)"
30,571,China,472,0.8266199649737302,"China (472, 82.7%); Sweden (41, 7.2%); United States (28, 4.9%)"
31,537,China,491,0.9143389199255121,"China (491, 91.4%); United States (25, 4.7%); Unknown country (10, 1.9%)"
32,530,China,450,0.8490566037735849,"China (450, 84.9%); Australia (45, 8.5%); United States (25, 4.7%)"
33,526,China,462,0.8783269961977186,"China (462, 87.8%); United States (43, 8.2%); United Kingdom (13, 2.5%)"
34,506,China,489,0.9664031620553359,"China (489, 96.6%); Canada (3, 0.6%); Germany (3, 0.6%)"
35,503,China,436,0.8667992047713717,"China (436, 86.7%); United States (45, 8.9%); United Kingdom (14, 2.8%)"
36,491,Australia,243,0.49490835030549896,"Australia (243, 49.5%); Sweden (61, 12.4%); Switzerland (46, 9.4%)"
37,482,China,368,0.7634854771784232,"China (368, 76.3%); United Kingdom (55, 11.4%); United States (15, 3.1%)"
38,465,United States,133,0.2860215053763441,"United States (133, 28.6%); United Kingdom (71, 15.3%); China (62, 13.3%)"
39,460,Canada,166,0.36086956521739133,"Canada (166, 36.1%); Germany (89, 19.3%); United States (70, 15.2%)"
40,454,South Korea,165,0.3634361233480176,"South Korea (165, 36.3%); China (154, 33.9%); United States (79, 17.4%)"
41,410,China,272,0.6634146341463415,"China (272, 66.3%); Australia (58, 14.1%); United States (25, 6.1%)"
42,405,China,240,0.5925925925925926,"China (240, 59.3%); United States (71, 17.5%); United Kingdom (58, 14.3%)"
43,399,China,379,0.949874686716792,"China (379, 95.0%); Australia (15, 3.8%); United States (4, 1.0%)"
44,337,China,229,0.6795252225519288,"China (229, 68.0%); United States (75, 22.3%); Japan (18, 5.3%)"
45,330,United States,305,0.9242424242424242,"United States (305, 92.4%); Canada (10, 3.0%); United Kingdom (8, 2.4%)"
46,306,China,304,0.9934640522875817,"China (304, 99.3%); Thailand (2, 0.7%)"
47,281,China,268,0.9537366548042705,"China (268, 95.4%); United Kingdom (5, 1.8%); United States (5, 1.8%)"
48,273,China,259,0.9487179487179487,"China (259, 94.9%); United States (7, 2.6%); Australia (2, 0.7%)"
49,270,United States,204,0.7555555555555555,"United States (204, 75.6%); China (36, 13.3%); United Kingdom (24, 8.9%)"
50,270,China,190,0.7037037037037037,"China (190, 70.4%); United Kingdom (48, 17.8%); Australia (10, 3.7%)"
51,267,Taiwan,140,0.5243445692883895,"Taiwan (140, 52.4%); United States (91, 34.1%); Canada (27, 10.1%)"
52,257,Sweden,194,0.754863813229572,"Sweden (194, 75.5%); China (35, 13.6%); Turkey (8, 3.1%)"
53,254,China,164,0.6456692913385826,"China (164, 64.6%); United States (77, 30.3%); Australia (9, 3.5%)"
54,250,United Kingdom,109,0.436,"United Kingdom (109, 43.6%); United States (36, 14.4%); Hungary (26, 10.4%)"
55,176,South Korea,100,0.5681818181818182,"South Korea (100, 56.8%); China (74, 42.0%); United Kingdom (2, 1.1%)"
56,163,China,155,0.950920245398773,"China (155, 95.1%); Unknown country (6, 3.7%); Israel (2, 1.2%)"
57,142,China,128,0.9014084507042254,"China (128, 90.1%); United States (7, 4.9%); Singapore (4, 2.8%)"
58,137,China,135,0.9854014598540146,"China (135, 98.5%); Malaysia (1, 0.7%); United States (1, 0.7%)"
59,132,United Kingdom,44,0.3333333333333333,"United Kingdom (44, 33.3%); Spain (27, 20.5%); United States (20, 15.2%)"
60,130,United Kingdom,64,0.49230769230769234,"United Kingdom (64, 49.2%); United States (15, 11.5%); Germany (7, 5.4%)"
61,118,China,109,0.923728813559322,"China (109, 92.4%); Australia (4, 3.4%); United Kingdom (2, 1.7%)"
62,117,United States,64,0.5470085470085471,"United States (64, 54.7%); United Arab Emirates (19, 16.2%); Israel (12, 10.3%)"
63,117,China,111,0.9487179487179487,"China (111, 94.9%); Singapore (4, 3.4%); Finland (1, 0.9%)"
64,113,China,94,0.831858407079646,"China (94, 83.2%); United States (6, 5.3%); Sweden (5, 4.4%)"
65,111,China,110,0.990990990990991,"China (110, 99.1%); Unknown country (1, 0.9%)"
66,104,United Kingdom,32,0.3076923076923077,"United Kingdom (32, 30.8%); Germany (23, 22.1%); France (10, 9.6%)"
67,103,China,102,0.9902912621359223,"China (102, 99.0%); United States (1, 1.0%)"
68,98,China,94,0.9591836734693877,"China (94, 95.9%); United States (3, 3.1%); Netherlands (1, 1.0%)"
69,98,United Kingdom,53,0.5408163265306123,"United Kingdom (53, 54.1%); China (25, 25.5%); Australia (15, 15.3%)"
70,92,United Kingdom,47,0.5108695652173914,"United Kingdom (47, 51.1%); United States (33, 35.9%); Canada (5, 5.4%)"
71,92,China,92,1.0,"China (92, 100.0%)"
72,85,United States,70,0.8235294117647058,"United States (70, 82.4%); Switzerland (7, 8.2%); United Kingdom (4, 4.7%)"
73,85,United Kingdom,57,0.6705882352941176,"United Kingdom (57, 67.1%); Denmark (15, 17.6%); United States (5, 5.9%)"
74,77,China,77,1.0,"China (77, 100.0%)"
75,72,United Kingdom,54,0.75,"United Kingdom (54, 75.0%); United States (9, 12.5%); Russia (5, 6.9%)"
76,72,China,70,0.9722222222222222,"China (70, 97.2%); United States (2, 2.8%)"
77,70,China,52,0.7428571428571429,"China (52, 74.3%); United States (18, 25.7%)"
78,65,China,65,1.0,"China (65, 100.0%)"
79,63,United States,60,0.9523809523809523,"United States (60, 95.2%); Norway (3, 4.8%)"
80,62,China,50,0.8064516129032258,"China (50, 80.6%); United Kingdom (9, 14.5%); Germany (3, 4.8%)"
81,61,Japan,19,0.3114754098360656,"Japan (19, 31.1%); Russia (11, 18.0%); Turkey (8, 13.1%)"
82,56,United States,16,0.2857142857142857,"United States (16, 28.6%); France (15, 26.8%); Italy (12, 21.4%)"
83,55,China,55,1.0,"China (55, 100.0%)"
84,54,China,54,1.0,"China (54, 100.0%)"
85,49,United States,48,0.9795918367346939,"United States (48, 98.0%); South Korea (1, 2.0%)"
86,49,China,49,1.0,"China (49, 100.0%)"
87,49,Germany,30,0.6122448979591837,"Germany (30, 61.2%); United States (8, 16.3%); Chile (6, 12.2%)"
88,48,China,48,1.0,"China (48, 100.0%)"
89,48,China,48,1.0,"China (48, 100.0%)"
90,43,China,42,0.9767441860465116,"China (42, 97.7%); United States (1, 2.3%)"
91,43,China,43,1.0,"China (43, 100.0%)"
92,39,China,39,1.0,"China (39, 100.0%)"
93,38,United Kingdom,34,0.8947368421052632,"United Kingdom (34, 89.5%); United States (3, 7.9%); Serbia (1, 2.6%)"
94,38,China,37,0.9736842105263158,"China (37, 97.4%); Germany (1, 2.6%)"
95,37,China,37,1.0,"China (37, 100.0%)"
96,36,China,27,0.75,"China (27, 75.0%); Germany (9, 25.0%)"
97,36,South Korea,33,0.9166666666666666,"South Korea (33, 91.7%); United States (3, 8.3%)"
98,35,China,35,1.0,"China (35, 100.0%)"
99,34,China,34,1.0,"China (34, 100.0%)"
100,34,China,34,1.0,"China (34, 100.0%)"
101,33,China,33,1.0,"China (33, 100.0%)"
102,33,China,33,1.0,"China (33, 100.0%)"
103,32,Russia,29,0.90625,"Russia (29, 90.6%); Serbia (3, 9.4%)"
104,32,United States,27,0.84375,"United States (27, 84.4%); Canada (3, 9.4%); Japan (2, 6.2%)"
105,31,China,30,0.967741935483871,"China (30, 96.8%); Australia (1, 3.2%)"
106,31,China,31,1.0,"China (31, 100.0%)"
107,31,United States,21,0.6774193548387096,"United States (21, 67.7%); Germany (3, 9.7%); Australia (2, 6.5%)"
108,30,Italy,24,0.8,"Italy (24, 80.0%); United States (5, 16.7%); Unknown country (1, 3.3%)"
109,29,China,29,1.0,"China (29, 100.0%)"
110,29,China,27,0.9310344827586207,"China (27, 93.1%); United Kingdom (2, 6.9%)"
111,29,China,27,0.9310344827586207,"China (27, 93.1%); Germany (2, 6.9%)"
112,29,China,29,1.0,"China (29, 100.0%)"
113,28,China,28,1.0,"China (28, 100.0%)"
114,28,Germany,23,0.8214285714285714,"Germany (23, 82.1%); Singapore (4, 14.3%); China (1, 3.6%)"
115,27,Germany,18,0.6666666666666666,"Germany (18, 66.7%); United States (8, 29.6%); Finland (1, 3.7%)"
116,27,China,27,1.0,"China (27, 100.0%)"
117,26,China,26,1.0,"China (26, 100.0%)"
118,26,Canada,19,0.7307692307692307,"Canada (19, 73.1%); United States (4, 15.4%); United Kingdom (2, 7.7%)"
119,25,United States,25,1.0,"United States (25, 100.0%)"
120,25,United States,24,0.96,"United States (24, 96.0%); China (1, 4.0%)"
121,25,China,25,1.0,"China (25, 100.0%)"
122,24,China,24,1.0,"China (24, 100.0%)"
123,24,China,24,1.0,"China (24, 100.0%)"
124,23,China,23,1.0,"China (23, 100.0%)"
125,23,China,23,1.0,"China (23, 100.0%)"
126,23,China,22,0.9565217391304348,"China (22, 95.7%); Pakistan (1, 4.3%)"
127,22,South Korea,22,1.0,"South Korea (22, 100.0%)"
128,22,Germany,10,0.45454545454545453,"Germany (10, 45.5%); Iceland (5, 22.7%); United Kingdom (5, 22.7%)"
129,21,China,20,0.9523809523809523,"China (20, 95.2%); Sweden (1, 4.8%)"
130,21,China,21,1.0,"China (21, 100.0%)"
131,21,China,20,0.9523809523809523,"China (20, 95.2%); Italy (1, 4.8%)"
132,21,United States,21,1.0,"United States (21, 100.0%)"
133,21,China,21,1.0,"China (21, 100.0%)"
134,21,Denmark,21,1.0,"Denmark (21, 100.0%)"
135,21,United States,16,0.7619047619047619,"United States (16, 76.2%); United Kingdom (5, 23.8%)"
136,21,China,21,1.0,"China (21, 100.0%)"
137,21,China,20,0.9523809523809523,"China (20, 95.2%); Unknown country (1, 4.8%)"
138,20,China,20,1.0,"China (20, 100.0%)"
139,20,United States,20,1.0,"United States (20, 100.0%)"
140,20,China,20,1.0,"China (20, 100.0%)"
141,20,Spain,11,0.55,"Spain (11, 55.0%); Italy (7, 35.0%); Portugal (2, 10.0%)"
142,20,China,20,1.0,"China (20, 100.0%)"
143,19,China,19,1.0,"China (19, 100.0%)"
144,19,Japan,19,1.0,"Japan (19, 100.0%)"
145,19,China,19,1.0,"China (19, 100.0%)"
146,19,China,19,1.0,"China (19, 100.0%)"
147,19,China,17,0.8947368421052632,"China (17, 89.5%); Australia (1, 5.3%); United States (1, 5.3%)"
148,19,United States,17,0.8947368421052632,"United States (17, 89.5%); India (2, 10.5%)"
149,19,China,19,1.0,"China (19, 100.0%)"
150,19,Germany,19,1.0,"Germany (19, 100.0%)"
151,19,Japan,19,1.0,"Japan (19, 100.0%)"
152,19,United States,18,0.9473684210526315,"United States (18, 94.7%); Australia (1, 5.3%)"
153,18,China,17,0.9444444444444444,"China (17, 94.4%); Unknown country (1, 5.6%)"
154,18,United States,18,1.0,"United States (18, 100.0%)"
155,18,China,18,1.0,"China (18, 100.0%)"
156,18,China,18,1.0,"China (18, 100.0%)"
157,18,China,18,1.0,"China (18, 100.0%)"
158,17,South Korea,17,1.0,"South Korea (17, 100.0%)"
159,17,China,15,0.8823529411764706,"China (15, 88.2%); Australia (2, 11.8%)"
160,17,Italy,17,1.0,"Italy (17, 100.0%)"
161,17,China,17,1.0,"China (17, 100.0%)"
162,17,United States,17,1.0,"United States (17, 100.0%)"
163,17,India,17,1.0,"India (17, 100.0%)"
164,17,Hungary,16,0.9411764705882353,"Hungary (16, 94.1%); United Kingdom (1, 5.9%)"
165,17,South Korea,12,0.7058823529411765,"South Korea (12, 70.6%); Vietnam (5, 29.4%)"
166,17,China,16,0.9411764705882353,"China (16, 94.1%); United Kingdom (1, 5.9%)"
167,17,China,17,1.0,"China (17, 100.0%)"
168,17,China,16,0.9411764705882353,"China (16, 94.1%); United States (1, 5.9%)"
169,17,China,17,1.0,"China (17, 100.0%)"
170,16,South Africa,4,0.25,"South Africa (4, 25.0%); United Kingdom (4, 25.0%); Zimbabwe (4, 25.0%)"
171,16,China,16,1.0,"China (16, 100.0%)"
172,16,India,16,1.0,"India (16, 100.0%)"
173,16,China,16,1.0,"China (16, 100.0%)"
174,16,United Kingdom,15,0.9375,"United Kingdom (15, 93.8%); Sweden (1, 6.2%)"
175,16,Australia,16,1.0,"Australia (16, 100.0%)"
176,16,China,16,1.0,"China (16, 100.0%)"
177,16,China,16,1.0,"China (16, 100.0%)"
178,16,India,16,1.0,"India (16, 100.0%)"
179,16,Spain,10,0.625,"Spain (10, 62.5%); United States (6, 37.5%)"
180,16,China,16,1.0,"China (16, 100.0%)"
181,16,China,16,1.0,"China (16, 100.0%)"
182,16,United States,14,0.875,"United States (14, 87.5%); Spain (2, 12.5%)"
183,16,China,16,1.0,"China (16, 100.0%)"
184,16,China,16,1.0,"China (16, 100.0%)"
185,16,Italy,15,0.9375,"Italy (15, 93.8%); United States (1, 6.2%)"
186,15,Greece,14,0.9333333333333333,"Greece (14, 93.3%); United Kingdom (1, 6.7%)"
187,15,China,15,1.0,"China (15, 100.0%)"
188,15,China,14,0.9333333333333333,"China (14, 93.3%); Netherlands (1, 6.7%)"
189,15,China,15,1.0,"China (15, 100.0%)"
190,15,United States,13,0.8666666666666667,"United States (13, 86.7%); China (2, 13.3%)"
191,15,China,15,1.0,"China (15, 100.0%)"
192,15,China,15,1.0,"China (15, 100.0%)"
193,15,China,12,0.8,"China (12, 80.0%); United States (3, 20.0%)"
194,15,United States,11,0.7333333333333333,"United States (11, 73.3%); India (3, 20.0%); Netherlands (1, 6.7%)"
195,15,China,15,1.0,"China (15, 100.0%)"
196,15,China,15,1.0,"China (15, 100.0%)"
197,15,China,15,1.0,"China (15, 100.0%)"
198,15,Unknown country,9,0.6,"Unknown country (9, 60.0%); Netherlands (6, 40.0%)"
199,15,China,15,1.0,"China (15, 100.0%)"
200,14,China,14,1.0,"China (14, 100.0%)"
201,14,China,14,1.0,"China (14, 100.0%)"
202,14,France,12,0.8571428571428571,"France (12, 85.7%); Switzerland (1, 7.1%); Unknown country (1, 7.1%)"
203,14,China,14,1.0,"China (14, 100.0%)"
204,14,China,14,1.0,"China (14, 100.0%)"
205,14,Japan,14,1.0,"Japan (14, 100.0%)"
206,14,United States,14,1.0,"United States (14, 100.0%)"
207,14,China,14,1.0,"China (14, 100.0%)"
208,14,China,14,1.0,"China (14, 100.0%)"
209,14,China,14,1.0,"China (14, 100.0%)"
210,14,China,12,0.8571428571428571,"China (12, 85.7%); United States (2, 14.3%)"
211,14,Italy,7,0.5,"Italy (7, 50.0%); United States (5, 35.7%); United Kingdom (1, 7.1%)"
212,14,United States,14,1.0,"United States (14, 100.0%)"
213,14,China,14,1.0,"China (14, 100.0%)"
214,14,China,14,1.0,"China (14, 100.0%)"
215,14,Belgium,9,0.6428571428571429,"Belgium (9, 64.3%); Spain (5, 35.7%)"
216,14,China,14,1.0,"China (14, 100.0%)"
217,13,United Kingdom,11,0.8461538461538461,"United Kingdom (11, 84.6%); Gambia (2, 15.4%)"
218,13,China,12,0.9230769230769231,"China (12, 92.3%); United States (1, 7.7%)"
219,13,China,12,0.9230769230769231,"China (12, 92.3%); United States (1, 7.7%)"
220,13,China,13,1.0,"China (13, 100.0%)"
221,13,Germany,13,1.0,"Germany (13, 100.0%)"
222,13,China,12,0.9230769230769231,"China (12, 92.3%); United States (1, 7.7%)"
223,13,China,13,1.0,"China (13, 100.0%)"
224,13,United States,13,1.0,"United States (13, 100.0%)"
225,13,China,13,1.0,"China (13, 100.0%)"
226,13,China,13,1.0,"China (13, 100.0%)"
227,13,China,13,1.0,"China (13, 100.0%)"
228,13,United States,13,1.0,"United States (13, 100.0%)"
229,13,China,13,1.0,"China (13, 100.0%)"
230,13,China,13,1.0,"China (13, 100.0%)"
231,13,China,13,1.0,"China (13, 100.0%)"
232,13,China,13,1.0,"China (13, 100.0%)"
233,13,United Kingdom,13,1.0,"United Kingdom (13, 100.0%)"
234,13,China,13,1.0,"China (13, 100.0%)"
235,13,China,13,1.0,"China (13, 100.0%)"
236,12,China,12,1.0,"China (12, 100.0%)"
237,12,China,12,1.0,"China (12, 100.0%)"
238,12,China,12,1.0,"China (12, 100.0%)"
239,12,China,12,1.0,"China (12, 100.0%)"
240,12,China,12,1.0,"China (12, 100.0%)"
241,12,China,12,1.0,"China (12, 100.0%)"
242,12,China,12,1.0,"China (12, 100.0%)"
243,12,China,12,1.0,"China (12, 100.0%)"
244,12,China,12,1.0,"China (12, 100.0%)"
245,12,China,10,0.8333333333333334,"China (10, 83.3%); United States (2, 16.7%)"
246,12,South Korea,12,1.0,"South Korea (12, 100.0%)"
247,12,United States,11,0.9166666666666666,"United States (11, 91.7%); Canada (1, 8.3%)"
248,12,China,12,1.0,"China (12, 100.0%)"
249,12,United States,12,1.0,"United States (12, 100.0%)"
250,12,China,12,1.0,"China (12, 100.0%)"
251,12,China,12,1.0,"China (12, 100.0%)"
252,12,Japan,12,1.0,"Japan (12, 100.0%)"
253,12,United States,12,1.0,"United States (12, 100.0%)"
254,12,China,12,1.0,"China (12, 100.0%)"
255,12,China,12,1.0,"China (12, 100.0%)"
256,12,China,12,1.0,"China (12, 100.0%)"
257,12,Japan,12,1.0,"Japan (12, 100.0%)"
258,12,China,12,1.0,"China (12, 100.0%)"
259,12,China,12,1.0,"China (12, 100.0%)"
260,12,China,12,1.0,"China (12, 100.0%)"
261,12,China,12,1.0,"China (12, 100.0%)"
262,12,China,12,1.0,"China (12, 100.0%)"
263,12,China,12,1.0,"China (12, 100.0%)"
264,12,China,10,0.8333333333333334,"China (10, 83.3%); United States (2, 16.7%)"
265,11,China,11,1.0,"China (11, 100.0%)"
266,11,Hungary,11,1.0,"Hungary (11, 100.0%)"
267,11,China,11,1.0,"China (11, 100.0%)"
268,11,China,11,1.0,"China (11, 100.0%)"
269,11,China,11,1.0,"China (11, 100.0%)"
270,11,United Kingdom,10,0.9090909090909091,"United Kingdom (10, 90.9%); Australia (1, 9.1%)"
271,11,Canada,11,1.0,"Canada (11, 100.0%)"
272,11,China,11,1.0,"China (11, 100.0%)"
273,11,China,11,1.0,"China (11, 100.0%)"
274,11,China,7,0.6363636363636364,"China (7, 63.6%); United Kingdom (2, 18.2%); United States (2, 18.2%)"
275,11,China,11,1.0,"China (11, 100.0%)"
276,11,China,11,1.0,"China (11, 100.0%)"
277,11,Taiwan,11,1.0,"Taiwan (11, 100.0%)"
278,11,China,11,1.0,"China (11, 100.0%)"
279,11,China,11,1.0,"China (11, 100.0%)"
280,11,China,11,1.0,"China (11, 100.0%)"
281,11,Australia,9,0.8181818181818182,"Australia (9, 81.8%); China (1, 9.1%); Spain (1, 9.1%)"
282,11,United States,7,0.6363636363636364,"United States (7, 63.6%); China (4, 36.4%)"
283,11,China,8,0.7272727272727273,"China (8, 72.7%); Unknown country (3, 27.3%)"
284,11,Germany,10,0.9090909090909091,"Germany (10, 90.9%); Sweden (1, 9.1%)"
285,11,South Korea,9,0.8181818181818182,"South Korea (9, 81.8%); United States (2, 18.2%)"
286,11,China,11,1.0,"China (11, 100.0%)"
287,11,China,11,1.0,"China (11, 100.0%)"
288,11,China,11,1.0,"China (11, 100.0%)"
289,10,China,10,1.0,"China (10, 100.0%)"
290,10,China,10,1.0,"China (10, 100.0%)"
291,10,China,10,1.0,"China (10, 100.0%)"
292,10,China,10,1.0,"China (10, 100.0%)"
293,10,China,10,1.0,"China (10, 100.0%)"
294,10,China,9,0.9,"China (9, 90.0%); Malaysia (1, 10.0%)"
295,10,China,10,1.0,"China (10, 100.0%)"
296,10,China,8,0.8,"China (8, 80.0%); United States (2, 20.0%)"
297,10,China,10,1.0,"China (10, 100.0%)"
298,10,China,10,1.0,"China (10, 100.0%)"
299,10,United States,9,0.9,"United States (9, 90.0%); France (1, 10.0%)"
300,10,China,10,1.0,"China (10, 100.0%)"
301,10,China,10,1.0,"China (10, 100.0%)"
302,10,China,10,1.0,"China (10, 100.0%)"
303,10,China,10,1.0,"China (10, 100.0%)"
304,10,China,10,1.0,"China (10, 100.0%)"
305,10,China,10,1.0,"China (10, 100.0%)"
306,10,Sweden,9,0.9,"Sweden (9, 90.0%); United States (1, 10.0%)"
307,10,China,10,1.0,"China (10, 100.0%)"
308,10,China,10,1.0,"China (10, 100.0%)"
309,10,China,9,0.9,"China (9, 90.0%); Japan (1, 10.0%)"
310,10,China,10,1.0,"China (10, 100.0%)"
311,10,Italy,10,1.0,"Italy (10, 100.0%)"
312,10,China,10,1.0,"China (10, 100.0%)"
313,10,United Kingdom,10,1.0,"United Kingdom (10, 100.0%)"
314,10,China,10,1.0,"China (10, 100.0%)"
315,10,China,6,0.6,"China (6, 60.0%); Italy (4, 40.0%)"
316,10,South Korea,10,1.0,"South Korea (10, 100.0%)"
317,10,China,10,1.0,"China (10, 100.0%)"
318,10,China,10,1.0,"China (10, 100.0%)"
319,10,Canada,9,0.9,"Canada (9, 90.0%); Unknown country (1, 10.0%)"
320,10,United States,9,0.9,"United States (9, 90.0%); Belgium (1, 10.0%)"
321,10,China,10,1.0,"China (10, 100.0%)"
322,10,Latvia,10,1.0,"Latvia (10, 100.0%)"
323,10,China,10,1.0,"China (10, 100.0%)"
324,10,China,10,1.0,"China (10, 100.0%)"
325,10,Unknown country,5,0.5,"Unknown country (5, 50.0%); Australia (4, 40.0%); United Kingdom (1, 10.0%)"
326,10,Canada,10,1.0,"Canada (10, 100.0%)"
327,10,China,10,1.0,"China (10, 100.0%)"
328,10,Unknown country,10,1.0,"Unknown country (10, 100.0%)"
329,10,United Kingdom,8,0.8,"United Kingdom (8, 80.0%); Ireland (2, 20.0%)"
330,10,China,10,1.0,"China (10, 100.0%)"
331,10,China,10,1.0,"China (10, 100.0%)"
332,10,United Kingdom,10,1.0,"United Kingdom (10, 100.0%)"
333,10,China,10,1.0,"China (10, 100.0%)"
334,10,South Korea,10,1.0,"South Korea (10, 100.0%)"
335,10,China,10,1.0,"China (10, 100.0%)"
336,10,United States,10,1.0,"United States (10, 100.0%)"
337,10,India,10,1.0,"India (10, 100.0%)"
338,10,China,10,1.0,"China (10, 100.0%)"
339,10,China,10,1.0,"China (10, 100.0%)"
340,10,South Korea,10,1.0,"South Korea (10, 100.0%)"
341,9,United States,9,1.0,"United States (9, 100.0%)"
342,9,China,9,1.0,"China (9, 100.0%)"
343,9,China,9,1.0,"China (9, 100.0%)"
344,9,Germany,9,1.0,"Germany (9, 100.0%)"
345,9,Canada,9,1.0,"Canada (9, 100.0%)"
346,9,Russia,9,1.0,"Russia (9, 100.0%)"
347,9,China,9,1.0,"China (9, 100.0%)"
348,9,China,9,1.0,"China (9, 100.0%)"
349,9,United Kingdom,8,0.8888888888888888,"United Kingdom (8, 88.9%); Netherlands (1, 11.1%)"
350,9,China,9,1.0,"China (9, 100.0%)"
351,9,China,9,1.0,"China (9, 100.0%)"
352,9,China,9,1.0,"China (9, 100.0%)"
353,9,China,9,1.0,"China (9, 100.0%)"
354,9,United States,8,0.8888888888888888,"United States (8, 88.9%); Brazil (1, 11.1%)"
355,9,China,9,1.0,"China (9, 100.0%)"
356,9,China,9,1.0,"China (9, 100.0%)"
357,9,United States,7,0.7777777777777778,"United States (7, 77.8%); Brazil (1, 11.1%); Unknown country (1, 11.1%)"
358,9,United Kingdom,6,0.6666666666666666,"United Kingdom (6, 66.7%); United States (3, 33.3%)"
359,9,China,9,1.0,"China (9, 100.0%)"
360,9,China,9,1.0,"China (9, 100.0%)"
361,9,United States,9,1.0,"United States (9, 100.0%)"
362,9,United Kingdom,8,0.8888888888888888,"United Kingdom (8, 88.9%); Austria (1, 11.1%)"
363,9,Taiwan,6,0.6666666666666666,"Taiwan (6, 66.7%); South Korea (2, 22.2%); Japan (1, 11.1%)"
364,9,China,9,1.0,"China (9, 100.0%)"
365,9,China,9,1.0,"China (9, 100.0%)"
366,9,Germany,9,1.0,"Germany (9, 100.0%)"
367,9,China,9,1.0,"China (9, 100.0%)"
368,9,China,9,1.0,"China (9, 100.0%)"
369,9,Unknown country,9,1.0,"Unknown country (9, 100.0%)"
370,9,China,9,1.0,"China (9, 100.0%)"
371,9,China,8,0.8888888888888888,"China (8, 88.9%); Unknown country (1, 11.1%)"
372,9,China,9,1.0,"China (9, 100.0%)"
373,9,China,9,1.0,"China (9, 100.0%)"
374,9,China,9,1.0,"China (9, 100.0%)"
375,9,China,9,1.0,"China (9, 100.0%)"
376,9,China,9,1.0,"China (9, 100.0%)"
377,9,China,9,1.0,"China (9, 100.0%)"
378,9,China,9,1.0,"China (9, 100.0%)"
379,9,Netherlands,7,0.7777777777777778,"Netherlands (7, 77.8%); Australia (2, 22.2%)"
380,9,China,9,1.0,"China (9, 100.0%)"
381,9,China,8,0.8888888888888888,"China (8, 88.9%); United States (1, 11.1%)"
382,9,China,9,1.0,"China (9, 100.0%)"
383,9,China,9,1.0,"China (9, 100.0%)"
384,9,China,9,1.0,"China (9, 100.0%)"
385,9,China,8,0.8888888888888888,"China (8, 88.9%); United States (1, 11.1%)"
386,9,China,9,1.0,"China (9, 100.0%)"
387,9,China,9,1.0,"China (9, 100.0%)"
388,9,China,9,1.0,"China (9, 100.0%)"
389,9,China,9,1.0,"China (9, 100.0%)"
390,9,United Kingdom,9,1.0,"United Kingdom (9, 100.0%)"
391,9,China,9,1.0,"China (9, 100.0%)"
392,9,China,9,1.0,"China (9, 100.0%)"
393,9,Taiwan,9,1.0,"Taiwan (9, 100.0%)"
394,9,China,9,1.0,"China (9, 100.0%)"
395,9,Canada,7,0.7777777777777778,"Canada (7, 77.8%); Unknown country (2, 22.2%)"
396,9,Japan,9,1.0,"Japan (9, 100.0%)"
397,9,China,9,1.0,"China (9, 100.0%)"
398,9,China,9,1.0,"China (9, 100.0%)"
399,9,China,9,1.0,"China (9, 100.0%)"
400,9,United States,9,1.0,"United States (9, 100.0%)"
401,9,China,9,1.0,"China (9, 100.0%)"
402,9,China,9,1.0,"China (9, 100.0%)"
403,9,China,9,1.0,"China (9, 100.0%)"
404,9,South Korea,9,1.0,"South Korea (9, 100.0%)"
405,9,Saudi Arabia,8,0.8888888888888888,"Saudi Arabia (8, 88.9%); Egypt (1, 11.1%)"
406,9,China,9,1.0,"China (9, 100.0%)"
407,9,China,9,1.0,"China (9, 100.0%)"
408,9,China,9,1.0,"China (9, 100.0%)"
409,9,China,9,1.0,"China (9, 100.0%)"
410,9,China,8,0.8888888888888888,"China (8, 88.9%); United States (1, 11.1%)"
411,9,United States,9,1.0,"United States (9, 100.0%)"
412,9,China,9,1.0,"China (9, 100.0%)"
413,9,United States,9,1.0,"United States (9, 100.0%)"
414,9,Unknown country,8,0.8888888888888888,"Unknown country (8, 88.9%); United States (1, 11.1%)"
415,9,China,9,1.0,"China (9, 100.0%)"
416,9,China,9,1.0,"China (9, 100.0%)"
417,9,Canada,6,0.6666666666666666,"Canada (6, 66.7%); France (3, 33.3%)"
418,9,China,9,1.0,"China (9, 100.0%)"
419,9,China,9,1.0,"China (9, 100.0%)"
420,9,China,9,1.0,"China (9, 100.0%)"
421,9,Greece,9,1.0,"Greece (9, 100.0%)"
422,9,Jordan,3,0.3333333333333333,"Jordan (3, 33.3%); Czechia (1, 11.1%); India (1, 11.1%)"
423,9,United States,9,1.0,"United States (9, 100.0%)"
424,9,China,9,1.0,"China (9, 100.0%)"
425,9,United Kingdom,9,1.0,"United Kingdom (9, 100.0%)"
426,9,China,9,1.0,"China (9, 100.0%)"
427,9,China,9,1.0,"China (9, 100.0%)"
428,9,United States,8,0.8888888888888888,"United States (8, 88.9%); Argentina (1, 11.1%)"
429,9,China,9,1.0,"China (9, 100.0%)"
430,9,United Kingdom,9,1.0,"United Kingdom (9, 100.0%)"
431,9,Canada,9,1.0,"Canada (9, 100.0%)"
432,9,China,9,1.0,"China (9, 100.0%)"
433,9,China,9,1.0,"China (9, 100.0%)"
434,9,United States,9,1.0,"United States (9, 100.0%)"
435,9,China,9,1.0,"China (9, 100.0%)"
436,8,China,8,1.0,"China (8, 100.0%)"
437,8,China,8,1.0,"China (8, 100.0%)"
438,8,China,8,1.0,"China (8, 100.0%)"
439,8,China,8,1.0,"China (8, 100.0%)"
440,8,China,8,1.0,"China (8, 100.0%)"
441,8,China,8,1.0,"China (8, 100.0%)"
442,8,China,7,0.875,"China (7, 87.5%); Unknown country (1, 12.5%)"
443,8,China,8,1.0,"China (8, 100.0%)"
444,8,China,8,1.0,"China (8, 100.0%)"
445,8,China,8,1.0,"China (8, 100.0%)"
446,8,United Kingdom,8,1.0,"United Kingdom (8, 100.0%)"
447,8,China,8,1.0,"China (8, 100.0%)"
448,8,China,8,1.0,"China (8, 100.0%)"
449,8,China,8,1.0,"China (8, 100.0%)"
450,8,China,8,1.0,"China (8, 100.0%)"
451,8,China,8,1.0,"China (8, 100.0%)"
452,8,China,8,1.0,"China (8, 100.0%)"
453,8,United States,8,1.0,"United States (8, 100.0%)"
454,8,China,8,1.0,"China (8, 100.0%)"
455,8,China,8,1.0,"China (8, 100.0%)"
456,8,China,8,1.0,"China (8, 100.0%)"
457,8,China,8,1.0,"China (8, 100.0%)"
458,8,China,8,1.0,"China (8, 100.0%)"
459,8,United Kingdom,8,1.0,"United Kingdom (8, 100.0%)"
460,8,China,8,1.0,"China (8, 100.0%)"
461,8,China,8,1.0,"China (8, 100.0%)"
462,8,China,8,1.0,"China (8, 100.0%)"
463,8,China,8,1.0,"China (8, 100.0%)"
464,8,China,8,1.0,"China (8, 100.0%)"
465,8,China,8,1.0,"China (8, 100.0%)"
466,8,Australia,8,1.0,"Australia (8, 100.0%)"
467,8,Australia,7,0.875,"Australia (7, 87.5%); United Kingdom (1, 12.5%)"
468,8,China,8,1.0,"China (8, 100.0%)"
469,8,China,8,1.0,"China (8, 100.0%)"
470,8,China,8,1.0,"China (8, 100.0%)"
471,8,China,8,1.0,"China (8, 100.0%)"
472,8,China,8,1.0,"China (8, 100.0%)"
473,8,China,8,1.0,"China (8, 100.0%)"
474,8,China,8,1.0,"China (8, 100.0%)"
475,8,China,8,1.0,"China (8, 100.0%)"
476,8,China,8,1.0,"China (8, 100.0%)"
477,8,China,8,1.0,"China (8, 100.0%)"
478,8,Unknown country,5,0.625,"Unknown country (5, 62.5%); Russia (3, 37.5%)"
479,8,China,8,1.0,"China (8, 100.0%)"
480,8,China,8,1.0,"China (8, 100.0%)"
481,8,China,7,0.875,"China (7, 87.5%); Canada (1, 12.5%)"
482,8,China,8,1.0,"China (8, 100.0%)"
483,8,South Korea,8,1.0,"South Korea (8, 100.0%)"
484,8,China,8,1.0,"China (8, 100.0%)"
485,8,China,8,1.0,"China (8, 100.0%)"
486,8,China,8,1.0,"China (8, 100.0%)"
487,8,China,8,1.0,"China (8, 100.0%)"
488,8,United States,8,1.0,"United States (8, 100.0%)"
489,8,Italy,8,1.0,"Italy (8, 100.0%)"
490,8,China,8,1.0,"China (8, 100.0%)"
491,8,China,8,1.0,"China (8, 100.0%)"
492,8,China,8,1.0,"China (8, 100.0%)"
493,8,China,6,0.75,"China (6, 75.0%); United States (1, 12.5%); Unknown country (1, 12.5%)"
494,8,China,8,1.0,"China (8, 100.0%)"
495,8,South Korea,8,1.0,"South Korea (8, 100.0%)"
496,8,United Kingdom,8,1.0,"United Kingdom (8, 100.0%)"
497,8,United Kingdom,4,0.5,"United Kingdom (4, 50.0%); Unknown country (3, 37.5%); Malaysia (1, 12.5%)"
498,8,China,8,1.0,"China (8, 100.0%)"
499,8,China,8,1.0,"China (8, 100.0%)"
500,8,China,8,1.0,"China (8, 100.0%)"
501,8,China,8,1.0,"China (8, 100.0%)"
502,8,China,8,1.0,"China (8, 100.0%)"
503,8,China,4,0.5,"China (4, 50.0%); Italy (3, 37.5%); Germany (1, 12.5%)"
504,8,China,8,1.0,"China (8, 100.0%)"
505,8,China,8,1.0,"China (8, 100.0%)"
506,8,China,8,1.0,"China (8, 100.0%)"
507,8,China,8,1.0,"China (8, 100.0%)"
508,8,China,8,1.0,"China (8, 100.0%)"
509,8,China,8,1.0,"China (8, 100.0%)"
510,8,China,8,1.0,"China (8, 100.0%)"
511,8,China,8,1.0,"China (8, 100.0%)"
512,8,China,7,0.875,"China (7, 87.5%); France (1, 12.5%)"
513,8,China,8,1.0,"China (8, 100.0%)"
514,8,China,8,1.0,"China (8, 100.0%)"
515,8,China,8,1.0,"China (8, 100.0%)"
516,8,China,8,1.0,"China (8, 100.0%)"
517,8,China,8,1.0,"China (8, 100.0%)"
518,8,China,7,0.875,"China (7, 87.5%); United States (1, 12.5%)"
519,8,China,8,1.0,"China (8, 100.0%)"
520,8,China,8,1.0,"China (8, 100.0%)"
521,8,China,8,1.0,"China (8, 100.0%)"
522,8,China,5,0.625,"China (5, 62.5%); Japan (1, 12.5%); Netherlands (1, 12.5%)"
523,8,China,8,1.0,"China (8, 100.0%)"
524,8,China,8,1.0,"China (8, 100.0%)"
525,8,Germany,5,0.625,"Germany (5, 62.5%); China (3, 37.5%)"
526,8,China,8,1.0,"China (8, 100.0%)"
527,8,Switzerland,7,0.875,"Switzerland (7, 87.5%); United States (1, 12.5%)"
528,7,China,7,1.0,"China (7, 100.0%)"
529,7,China,7,1.0,"China (7, 100.0%)"
530,7,China,7,1.0,"China (7, 100.0%)"
531,7,China,7,1.0,"China (7, 100.0%)"
532,7,China,7,1.0,"China (7, 100.0%)"
533,7,China,7,1.0,"China (7, 100.0%)"
534,7,China,7,1.0,"China (7, 100.0%)"
535,7,United States,6,0.8571428571428571,"United States (6, 85.7%); France (1, 14.3%)"
536,7,Israel,6,0.8571428571428571,"Israel (6, 85.7%); United Kingdom (1, 14.3%)"
537,7,China,7,1.0,"China (7, 100.0%)"
538,7,China,6,0.8571428571428571,"China (6, 85.7%); Netherlands (1, 14.3%)"
539,7,China,7,1.0,"China (7, 100.0%)"
540,7,China,7,1.0,"China (7, 100.0%)"
541,7,South Korea,7,1.0,"South Korea (7, 100.0%)"
542,7,China,7,1.0,"China (7, 100.0%)"
543,7,United States,7,1.0,"United States (7, 100.0%)"
544,7,China,7,1.0,"China (7, 100.0%)"
545,7,United Kingdom,7,1.0,"United Kingdom (7, 100.0%)"
546,7,Taiwan,7,1.0,"Taiwan (7, 100.0%)"
547,7,China,7,1.0,"China (7, 100.0%)"
548,7,China,7,1.0,"China (7, 100.0%)"
549,7,China,7,1.0,"China (7, 100.0%)"
550,7,China,7,1.0,"China (7, 100.0%)"
551,7,China,7,1.0,"China (7, 100.0%)"
552,7,China,7,1.0,"China (7, 100.0%)"
553,7,United States,7,1.0,"United States (7, 100.0%)"
554,7,China,7,1.0,"China (7, 100.0%)"
555,7,China,7,1.0,"China (7, 100.0%)"
556,7,China,7,1.0,"China (7, 100.0%)"
557,7,United Kingdom,7,1.0,"United Kingdom (7, 100.0%)"
558,7,China,7,1.0,"China (7, 100.0%)"
559,7,China,7,1.0,"China (7, 100.0%)"
560,7,China,5,0.7142857142857143,"China (5, 71.4%); Ireland (2, 28.6%)"
561,7,Switzerland,4,0.5714285714285714,"Switzerland (4, 57.1%); Thailand (3, 42.9%)"
562,7,China,7,1.0,"China (7, 100.0%)"
563,7,China,7,1.0,"China (7, 100.0%)"
564,7,China,7,1.0,"China (7, 100.0%)"
565,7,China,7,1.0,"China (7, 100.0%)"
566,7,China,7,1.0,"China (7, 100.0%)"
567,7,China,4,0.5714285714285714,"China (4, 57.1%); United States (2, 28.6%); Russia (1, 14.3%)"
568,7,China,7,1.0,"China (7, 100.0%)"
569,7,Estonia,7,1.0,"Estonia (7, 100.0%)"
570,7,China,7,1.0,"China (7, 100.0%)"
571,7,China,7,1.0,"China (7, 100.0%)"
572,7,China,7,1.0,"China (7, 100.0%)"
573,7,United States,7,1.0,"United States (7, 100.0%)"
574,7,United States,7,1.0,"United States (7, 100.0%)"
575,7,United Kingdom,7,1.0,"United Kingdom (7, 100.0%)"
576,7,China,5,0.7142857142857143,"China (5, 71.4%); Russia (2, 28.6%)"
577,7,China,7,1.0,"China (7, 100.0%)"
578,7,Canada,6,0.8571428571428571,"Canada (6, 85.7%); United States (1, 14.3%)"
579,7,China,7,1.0,"China (7, 100.0%)"
580,7,China,7,1.0,"China (7, 100.0%)"
581,7,China,7,1.0,"China (7, 100.0%)"
582,7,China,7,1.0,"China (7, 100.0%)"
583,7,Japan,7,1.0,"Japan (7, 100.0%)"
584,7,China,5,0.7142857142857143,"China (5, 71.4%); Germany (2, 28.6%)"
585,7,Canada,7,1.0,"Canada (7, 100.0%)"
586,7,United Kingdom,4,0.5714285714285714,"United Kingdom (4, 57.1%); Greece (2, 28.6%); Netherlands (1, 14.3%)"
587,7,China,7,1.0,"China (7, 100.0%)"
588,7,China,7,1.0,"China (7, 100.0%)"
589,7,China,7,1.0,"China (7, 100.0%)"
590,7,China,7,1.0,"China (7, 100.0%)"
591,7,China,7,1.0,"China (7, 100.0%)"
592,7,China,7,1.0,"China (7, 100.0%)"
593,7,China,7,1.0,"China (7, 100.0%)"
594,7,China,7,1.0,"China (7, 100.0%)"
595,7,China,7,1.0,"China (7, 100.0%)"
596,7,China,6,0.8571428571428571,"China (6, 85.7%); United States (1, 14.3%)"
597,7,China,7,1.0,"China (7, 100.0%)"
598,7,China,7,1.0,"China (7, 100.0%)"
599,7,China,7,1.0,"China (7, 100.0%)"
600,7,Iraq,5,0.7142857142857143,"Iraq (5, 71.4%); Turkey (2, 28.6%)"
601,7,China,7,1.0,"China (7, 100.0%)"
602,7,China,7,1.0,"China (7, 100.0%)"
603,7,China,6,0.8571428571428571,"China (6, 85.7%); France (1, 14.3%)"
604,7,Japan,3,0.42857142857142855,"Japan (3, 42.9%); Taiwan (3, 42.9%); United Kingdom (1, 14.3%)"
605,7,China,7,1.0,"China (7, 100.0%)"
606,7,China,7,1.0,"China (7, 100.0%)"
607,7,China,7,1.0,"China (7, 100.0%)"
608,7,China,7,1.0,"China (7, 100.0%)"
609,7,United States,7,1.0,"United States (7, 100.0%)"
610,7,China,7,1.0,"China (7, 100.0%)"
611,7,Russia,7,1.0,"Russia (7, 100.0%)"
612,7,China,6,0.8571428571428571,"China (6, 85.7%); Taiwan (1, 14.3%)"
613,7,China,7,1.0,"China (7, 100.0%)"
614,7,China,7,1.0,"China (7, 100.0%)"
615,7,China,7,1.0,"China (7, 100.0%)"
616,7,China,7,1.0,"China (7, 100.0%)"
617,7,China,6,0.8571428571428571,"China (6, 85.7%); Malaysia (1, 14.3%)"
618,7,Malaysia,7,1.0,"Malaysia (7, 100.0%)"
619,7,China,7,1.0,"China (7, 100.0%)"
620,7,China,7,1.0,"China (7, 100.0%)"
621,7,Italy,7,1.0,"Italy (7, 100.0%)"
622,7,United States,7,1.0,"United States (7, 100.0%)"
623,7,China,7,1.0,"China (7, 100.0%)"
624,7,China,7,1.0,"China (7, 100.0%)"
625,7,China,7,1.0,"China (7, 100.0%)"
626,7,China,7,1.0,"China (7, 100.0%)"
627,7,Australia,5,0.7142857142857143,"Australia (5, 71.4%); United Kingdom (1, 14.3%); Unknown country (1, 14.3%)"
628,7,China,7,1.0,"China (7, 100.0%)"
629,7,China,7,1.0,"China (7, 100.0%)"
630,7,China,7,1.0,"China (7, 100.0%)"
631,7,China,7,1.0,"China (7, 100.0%)"
632,7,China,7,1.0,"China (7, 100.0%)"
633,7,China,7,1.0,"China (7, 100.0%)"
634,7,China,7,1.0,"China (7, 100.0%)"
635,7,South Korea,7,1.0,"South Korea (7, 100.0%)"
636,7,Canada,7,1.0,"Canada (7, 100.0%)"
637,7,United Kingdom,7,1.0,"United Kingdom (7, 100.0%)"
638,7,China,7,1.0,"China (7, 100.0%)"
639,7,China,4,0.5714285714285714,"China (4, 57.1%); Germany (3, 42.9%)"
640,7,China,7,1.0,"China (7, 100.0%)"
641,7,United States,7,1.0,"United States (7, 100.0%)"
642,7,China,7,1.0,"China (7, 100.0%)"
643,7,China,7,1.0,"China (7, 100.0%)"
644,7,China,7,1.0,"China (7, 100.0%)"
645,7,China,7,1.0,"China (7, 100.0%)"
646,7,Germany,6,0.8571428571428571,"Germany (6, 85.7%); Hungary (1, 14.3%)"
647,7,China,7,1.0,"China (7, 100.0%)"
648,7,China,7,1.0,"China (7, 100.0%)"
649,7,China,7,1.0,"China (7, 100.0%)"
650,7,China,7,1.0,"China (7, 100.0%)"
651,7,China,7,1.0,"China (7, 100.0%)"
652,7,Unknown country,7,1.0,"Unknown country (7, 100.0%)"
653,7,China,7,1.0,"China (7, 100.0%)"
654,7,China,7,1.0,"China (7, 100.0%)"
655,7,China,7,1.0,"China (7, 100.0%)"
656,7,China,7,1.0,"China (7, 100.0%)"
657,7,United States,7,1.0,"United States (7, 100.0%)"
658,6,China,6,1.0,"China (6, 100.0%)"
659,6,Spain,6,1.0,"Spain (6, 100.0%)"
660,6,China,4,0.6666666666666666,"China (4, 66.7%); Greece (1, 16.7%); Netherlands (1, 16.7%)"
661,6,China,6,1.0,"China (6, 100.0%)"
662,6,China,6,1.0,"China (6, 100.0%)"
663,6,China,6,1.0,"China (6, 100.0%)"
664,6,China,6,1.0,"China (6, 100.0%)"
665,6,China,6,1.0,"China (6, 100.0%)"
666,6,Spain,6,1.0,"Spain (6, 100.0%)"
667,6,China,6,1.0,"China (6, 100.0%)"
668,6,China,5,0.8333333333333334,"China (5, 83.3%); United States (1, 16.7%)"
669,6,Japan,6,1.0,"Japan (6, 100.0%)"
670,6,United Kingdom,6,1.0,"United Kingdom (6, 100.0%)"
671,6,China,6,1.0,"China (6, 100.0%)"
672,6,China,6,1.0,"China (6, 100.0%)"
673,6,China,6,1.0,"China (6, 100.0%)"
674,6,China,6,1.0,"China (6, 100.0%)"
675,6,China,6,1.0,"China (6, 100.0%)"
676,6,Australia,6,1.0,"Australia (6, 100.0%)"
677,6,India,3,0.5,"India (3, 50.0%); United States (2, 33.3%); Canada (1, 16.7%)"
678,6,China,6,1.0,"China (6, 100.0%)"
679,6,China,6,1.0,"China (6, 100.0%)"
680,6,Canada,6,1.0,"Canada (6, 100.0%)"
681,6,China,6,1.0,"China (6, 100.0%)"
682,6,China,6,1.0,"China (6, 100.0%)"
683,6,Canada,6,1.0,"Canada (6, 100.0%)"
684,6,China,6,1.0,"China (6, 100.0%)"
685,6,China,6,1.0,"China (6, 100.0%)"
686,6,China,6,1.0,"China (6, 100.0%)"
687,6,China,6,1.0,"China (6, 100.0%)"
688,6,China,6,1.0,"China (6, 100.0%)"
689,6,China,6,1.0,"China (6, 100.0%)"
690,6,China,6,1.0,"China (6, 100.0%)"
691,6,China,6,1.0,"China (6, 100.0%)"
692,6,China,6,1.0,"China (6, 100.0%)"
693,6,Israel,4,0.6666666666666666,"Israel (4, 66.7%); United States (2, 33.3%)"
694,6,United States,6,1.0,"United States (6, 100.0%)"
695,6,China,5,0.8333333333333334,"China (5, 83.3%); United Kingdom (1, 16.7%)"
696,6,China,6,1.0,"China (6, 100.0%)"
697,6,China,6,1.0,"China (6, 100.0%)"
698,6,China,6,1.0,"China (6, 100.0%)"
699,6,China,6,1.0,"China (6, 100.0%)"
700,6,China,6,1.0,"China (6, 100.0%)"
701,6,China,6,1.0,"China (6, 100.0%)"
702,6,China,6,1.0,"China (6, 100.0%)"
703,6,China,6,1.0,"China (6, 100.0%)"
704,6,China,6,1.0,"China (6, 100.0%)"
705,6,United Kingdom,6,1.0,"United Kingdom (6, 100.0%)"
706,6,China,6,1.0,"China (6, 100.0%)"
707,6,China,6,1.0,"China (6, 100.0%)"
708,6,China,6,1.0,"China (6, 100.0%)"
709,6,United Kingdom,5,0.8333333333333334,"United Kingdom (5, 83.3%); Unknown country (1, 16.7%)"
710,6,Canada,6,1.0,"Canada (6, 100.0%)"
711,6,China,6,1.0,"China (6, 100.0%)"
712,6,China,6,1.0,"China (6, 100.0%)"
713,6,China,6,1.0,"China (6, 100.0%)"
714,6,Germany,6,1.0,"Germany (6, 100.0%)"
715,6,China,5,0.8333333333333334,"China (5, 83.3%); United States (1, 16.7%)"
716,6,China,6,1.0,"China (6, 100.0%)"
717,6,China,6,1.0,"China (6, 100.0%)"
718,6,United Kingdom,5,0.8333333333333334,"United Kingdom (5, 83.3%); Canada (1, 16.7%)"
719,6,China,6,1.0,"China (6, 100.0%)"
720,6,United Kingdom,6,1.0,"United Kingdom (6, 100.0%)"
721,6,China,6,1.0,"China (6, 100.0%)"
722,6,United States,6,1.0,"United States (6, 100.0%)"
723,6,China,6,1.0,"China (6, 100.0%)"
724,6,China,6,1.0,"China (6, 100.0%)"
725,6,China,6,1.0,"China (6, 100.0%)"
726,6,China,6,1.0,"China (6, 100.0%)"
727,6,China,6,1.0,"China (6, 100.0%)"
728,6,China,6,1.0,"China (6, 100.0%)"
729,6,United States,6,1.0,"United States (6, 100.0%)"
730,6,China,6,1.0,"China (6, 100.0%)"
731,6,China,6,1.0,"China (6, 100.0%)"
732,6,China,6,1.0,"China (6, 100.0%)"
733,6,China,6,1.0,"China (6, 100.0%)"
734,6,China,6,1.0,"China (6, 100.0%)"
735,6,China,6,1.0,"China (6, 100.0%)"
736,6,China,6,1.0,"China (6, 100.0%)"
737,6,Ireland,4,0.6666666666666666,"Ireland (4, 66.7%); United Kingdom (2, 33.3%)"
738,6,China,6,1.0,"China (6, 100.0%)"
739,6,China,6,1.0,"China (6, 100.0%)"
740,6,Saudi Arabia,6,1.0,"Saudi Arabia (6, 100.0%)"
741,6,China,6,1.0,"China (6, 100.0%)"
742,6,China,6,1.0,"China (6, 100.0%)"
743,6,China,6,1.0,"China (6, 100.0%)"
744,6,China,6,1.0,"China (6, 100.0%)"
745,6,China,6,1.0,"China (6, 100.0%)"
746,6,China,6,1.0,"China (6, 100.0%)"
747,6,China,6,1.0,"China (6, 100.0%)"
748,6,China,6,1.0,"China (6, 100.0%)"
749,6,China,6,1.0,"China (6, 100.0%)"
750,6,China,6,1.0,"China (6, 100.0%)"
751,6,China,6,1.0,"China (6, 100.0%)"
752,6,China,6,1.0,"China (6, 100.0%)"
753,6,China,6,1.0,"China (6, 100.0%)"
754,6,China,6,1.0,"China (6, 100.0%)"
755,6,Germany,5,0.8333333333333334,"Germany (5, 83.3%); United States (1, 16.7%)"
756,6,China,6,1.0,"China (6, 100.0%)"
757,6,China,6,1.0,"China (6, 100.0%)"
758,6,China,6,1.0,"China (6, 100.0%)"
759,6,China,6,1.0,"China (6, 100.0%)"
760,6,Croatia,3,0.5,"Croatia (3, 50.0%); United States (3, 50.0%)"
761,6,China,6,1.0,"China (6, 100.0%)"
762,6,China,6,1.0,"China (6, 100.0%)"
763,6,China,6,1.0,"China (6, 100.0%)"
764,6,China,6,1.0,"China (6, 100.0%)"
765,6,Israel,6,1.0,"Israel (6, 100.0%)"
766,6,China,6,1.0,"China (6, 100.0%)"
767,6,United Kingdom,5,0.8333333333333334,"United Kingdom (5, 83.3%); Australia (1, 16.7%)"
768,6,China,6,1.0,"China (6, 100.0%)"
769,6,China,6,1.0,"China (6, 100.0%)"
770,6,South Korea,6,1.0,"South Korea (6, 100.0%)"
771,6,China,6,1.0,"China (6, 100.0%)"
772,6,China,6,1.0,"China (6, 100.0%)"
773,6,China,6,1.0,"China (6, 100.0%)"
774,6,China,6,1.0,"China (6, 100.0%)"
775,6,United States,5,0.8333333333333334,"United States (5, 83.3%); Denmark (1, 16.7%)"
776,6,China,6,1.0,"China (6, 100.0%)"
777,6,China,6,1.0,"China (6, 100.0%)"
778,6,China,6,1.0,"China (6, 100.0%)"
779,6,China,6,1.0,"China (6, 100.0%)"
780,6,China,6,1.0,"China (6, 100.0%)"
781,6,Indonesia,6,1.0,"Indonesia (6, 100.0%)"
782,6,Unknown country,6,1.0,"Unknown country (6, 100.0%)"
783,6,China,6,1.0,"China (6, 100.0%)"
784,6,China,6,1.0,"China (6, 100.0%)"
785,6,Switzerland,6,1.0,"Switzerland (6, 100.0%)"
786,6,United States,6,1.0,"United States (6, 100.0%)"
787,6,China,6,1.0,"China (6, 100.0%)"
788,6,China,6,1.0,"China (6, 100.0%)"
789,6,China,6,1.0,"China (6, 100.0%)"
790,6,China,6,1.0,"China (6, 100.0%)"
791,6,China,5,0.8333333333333334,"China (5, 83.3%); Canada (1, 16.7%)"
792,6,China,6,1.0,"China (6, 100.0%)"
793,6,China,5,0.8333333333333334,"China (5, 83.3%); Australia (1, 16.7%)"
794,6,United Kingdom,6,1.0,"United Kingdom (6, 100.0%)"
795,6,India,6,1.0,"India (6, 100.0%)"
796,6,China,6,1.0,"China (6, 100.0%)"
797,6,China,6,1.0,"China (6, 100.0%)"
798,6,China,6,1.0,"China (6, 100.0%)"
799,6,China,6,1.0,"China (6, 100.0%)"
800,6,Australia,3,0.5,"Australia (3, 50.0%); Sweden (3, 50.0%)"
801,6,China,6,1.0,"China (6, 100.0%)"
802,6,China,6,1.0,"China (6, 100.0%)"
803,6,Germany,5,0.8333333333333334,"Germany (5, 83.3%); United States (1, 16.7%)"
804,6,China,6,1.0,"China (6, 100.0%)"
805,6,Spain,5,0.8333333333333334,"Spain (5, 83.3%); Chile (1, 16.7%)"
806,6,China,6,1.0,"China (6, 100.0%)"
807,6,China,6,1.0,"China (6, 100.0%)"
808,6,China,6,1.0,"China (6, 100.0%)"
809,6,China,6,1.0,"China (6, 100.0%)"
810,6,China,6,1.0,"China (6, 100.0%)"
811,6,China,6,1.0,"China (6, 100.0%)"
812,5,Germany,5,1.0,"Germany (5, 100.0%)"
813,5,China,5,1.0,"China (5, 100.0%)"
814,5,China,5,1.0,"China (5, 100.0%)"
815,5,China,5,1.0,"China (5, 100.0%)"
816,5,China,5,1.0,"China (5, 100.0%)"
817,5,China,5,1.0,"China (5, 100.0%)"
818,5,China,5,1.0,"China (5, 100.0%)"
819,5,United Kingdom,5,1.0,"United Kingdom (5, 100.0%)"
820,5,China,5,1.0,"China (5, 100.0%)"
821,5,China,5,1.0,"China (5, 100.0%)"
822,5,China,5,1.0,"China (5, 100.0%)"
823,5,China,5,1.0,"China (5, 100.0%)"
824,5,Canada,4,0.8,"Canada (4, 80.0%); United States (1, 20.0%)"
825,5,United Kingdom,5,1.0,"United Kingdom (5, 100.0%)"
826,5,China,5,1.0,"China (5, 100.0%)"
827,5,China,5,1.0,"China (5, 100.0%)"
828,5,United Kingdom,5,1.0,"United Kingdom (5, 100.0%)"
829,5,China,5,1.0,"China (5, 100.0%)"
830,5,China,5,1.0,"China (5, 100.0%)"
831,5,China,5,1.0,"China (5, 100.0%)"
832,5,United States,5,1.0,"United States (5, 100.0%)"
833,5,China,5,1.0,"China (5, 100.0%)"
834,5,China,5,1.0,"China (5, 100.0%)"
835,5,China,5,1.0,"China (5, 100.0%)"
836,5,China,5,1.0,"China (5, 100.0%)"
837,5,China,5,1.0,"China (5, 100.0%)"
838,5,China,5,1.0,"China (5, 100.0%)"
839,5,China,5,1.0,"China (5, 100.0%)"
840,5,Norway,4,0.8,"Norway (4, 80.0%); Finland (1, 20.0%)"
841,5,China,5,1.0,"China (5, 100.0%)"
842,5,Sweden,5,1.0,"Sweden (5, 100.0%)"
843,5,China,5,1.0,"China (5, 100.0%)"
844,5,China,5,1.0,"China (5, 100.0%)"
845,5,Germany,2,0.4,"Germany (2, 40.0%); United Kingdom (2, 40.0%); Denmark (1, 20.0%)"
846,5,China,5,1.0,"China (5, 100.0%)"
847,5,China,5,1.0,"China (5, 100.0%)"
848,5,United Kingdom,5,1.0,"United Kingdom (5, 100.0%)"
849,5,China,5,1.0,"China (5, 100.0%)"
850,5,China,5,1.0,"China (5, 100.0%)"
851,5,France,3,0.6,"France (3, 60.0%); Belgium (2, 40.0%)"
852,5,Israel,5,1.0,"Israel (5, 100.0%)"
853,5,China,5,1.0,"China (5, 100.0%)"
854,5,China,5,1.0,"China (5, 100.0%)"
855,5,France,4,0.8,"France (4, 80.0%); United States (1, 20.0%)"
856,5,China,5,1.0,"China (5, 100.0%)"
857,5,China,5,1.0,"China (5, 100.0%)"
858,5,China,5,1.0,"China (5, 100.0%)"
859,5,Montenegro,5,1.0,"Montenegro (5, 100.0%)"
860,5,China,5,1.0,"China (5, 100.0%)"
861,5,China,5,1.0,"China (5, 100.0%)"
862,5,China,5,1.0,"China (5, 100.0%)"
863,5,South Korea,5,1.0,"South Korea (5, 100.0%)"
864,5,China,5,1.0,"China (5, 100.0%)"
865,5,China,5,1.0,"China (5, 100.0%)"
866,5,United Kingdom,4,0.8,"United Kingdom (4, 80.0%); Netherlands (1, 20.0%)"
867,5,China,5,1.0,"China (5, 100.0%)"
868,5,South Korea,5,1.0,"South Korea (5, 100.0%)"
869,5,China,5,1.0,"China (5, 100.0%)"
870,5,China,5,1.0,"China (5, 100.0%)"
871,5,China,5,1.0,"China (5, 100.0%)"
872,5,Japan,3,0.6,"Japan (3, 60.0%); China (1, 20.0%); United States (1, 20.0%)"
873,5,China,5,1.0,"China (5, 100.0%)"
874,5,China,5,1.0,"China (5, 100.0%)"
875,5,Denmark,2,0.4,"Denmark (2, 40.0%); United States (2, 40.0%); Germany (1, 20.0%)"
876,5,United Arab Emirates,3,0.6,"United Arab Emirates (3, 60.0%); China (2, 40.0%)"
877,5,Russia,5,1.0,"Russia (5, 100.0%)"
878,5,China,5,1.0,"China (5, 100.0%)"
879,5,Canada,5,1.0,"Canada (5, 100.0%)"
880,5,China,5,1.0,"China (5, 100.0%)"
881,5,China,5,1.0,"China (5, 100.0%)"
882,5,China,5,1.0,"China (5, 100.0%)"
883,5,China,5,1.0,"China (5, 100.0%)"
884,5,China,5,1.0,"China (5, 100.0%)"
885,5,China,5,1.0,"China (5, 100.0%)"
886,5,China,5,1.0,"China (5, 100.0%)"
887,5,China,5,1.0,"China (5, 100.0%)"
888,5,China,5,1.0,"China (5, 100.0%)"
889,5,United States,5,1.0,"United States (5, 100.0%)"
890,5,Indonesia,4,0.8,"Indonesia (4, 80.0%); Ghana (1, 20.0%)"
891,5,China,5,1.0,"China (5, 100.0%)"
892,5,Israel,5,1.0,"Israel (5, 100.0%)"
893,5,South Korea,5,1.0,"South Korea (5, 100.0%)"
894,5,China,5,1.0,"China (5, 100.0%)"
895,5,China,5,1.0,"China (5, 100.0%)"
896,5,France,5,1.0,"France (5, 100.0%)"
897,5,South Korea,5,1.0,"South Korea (5, 100.0%)"
898,5,China,5,1.0,"China (5, 100.0%)"
899,5,China,5,1.0,"China (5, 100.0%)"
900,5,China,5,1.0,"China (5, 100.0%)"
901,5,China,5,1.0,"China (5, 100.0%)"
902,5,China,5,1.0,"China (5, 100.0%)"
903,5,China,5,1.0,"China (5, 100.0%)"
904,5,China,5,1.0,"China (5, 100.0%)"
905,5,China,5,1.0,"China (5, 100.0%)"
906,5,China,5,1.0,"China (5, 100.0%)"
907,5,France,4,0.8,"France (4, 80.0%); United Kingdom (1, 20.0%)"
908,5,United Kingdom,5,1.0,"United Kingdom (5, 100.0%)"
909,5,Luxembourg,3,0.6,"Luxembourg (3, 60.0%); France (1, 20.0%); Italy (1, 20.0%)"
910,5,China,5,1.0,"China (5, 100.0%)"
911,5,China,5,1.0,"China (5, 100.0%)"
912,5,China,5,1.0,"China (5, 100.0%)"
913,5,China,5,1.0,"China (5, 100.0%)"
914,5,China,5,1.0,"China (5, 100.0%)"
915,5,China,5,1.0,"China (5, 100.0%)"
916,5,United States,4,0.8,"United States (4, 80.0%); China (1, 20.0%)"
917,5,China,5,1.0,"China (5, 100.0%)"
918,5,United States,5,1.0,"United States (5, 100.0%)"
919,5,China,5,1.0,"China (5, 100.0%)"
920,5,Germany,5,1.0,"Germany (5, 100.0%)"
921,5,China,5,1.0,"China (5, 100.0%)"
922,5,United States,4,0.8,"United States (4, 80.0%); Unknown country (1, 20.0%)"
923,5,Japan,5,1.0,"Japan (5, 100.0%)"
924,5,China,5,1.0,"China (5, 100.0%)"
925,5,China,5,1.0,"China (5, 100.0%)"
926,5,Spain,4,0.8,"Spain (4, 80.0%); United States (1, 20.0%)"
927,5,China,5,1.0,"China (5, 100.0%)"
928,5,China,5,1.0,"China (5, 100.0%)"
929,5,United States,5,1.0,"United States (5, 100.0%)"
930,5,China,5,1.0,"China (5, 100.0%)"
931,5,China,5,1.0,"China (5, 100.0%)"
932,5,China,5,1.0,"China (5, 100.0%)"
933,5,China,5,1.0,"China (5, 100.0%)"
934,5,China,5,1.0,"China (5, 100.0%)"
935,5,China,5,1.0,"China (5, 100.0%)"
936,5,China,5,1.0,"China (5, 100.0%)"
937,5,China,5,1.0,"China (5, 100.0%)"
938,5,United Kingdom,5,1.0,"United Kingdom (5, 100.0%)"
939,5,China,5,1.0,"China (5, 100.0%)"
940,5,Spain,5,1.0,"Spain (5, 100.0%)"
941,5,China,5,1.0,"China (5, 100.0%)"
942,5,China,5,1.0,"China (5, 100.0%)"
943,5,China,5,1.0,"China (5, 100.0%)"
944,5,China,5,1.0,"China (5, 100.0%)"
945,5,United States,5,1.0,"United States (5, 100.0%)"
946,5,United States,5,1.0,"United States (5, 100.0%)"
947,5,China,5,1.0,"China (5, 100.0%)"
948,5,China,5,1.0,"China (5, 100.0%)"
949,5,China,5,1.0,"China (5, 100.0%)"
950,5,China,5,1.0,"China (5, 100.0%)"
951,5,China,5,1.0,"China (5, 100.0%)"
952,5,China,5,1.0,"China (5, 100.0%)"
953,5,China,5,1.0,"China (5, 100.0%)"
954,5,China,5,1.0,"China (5, 100.0%)"
955,5,Canada,5,1.0,"Canada (5, 100.0%)"
956,5,China,5,1.0,"China (5, 100.0%)"
957,5,China,5,1.0,"China (5, 100.0%)"
958,5,Israel,5,1.0,"Israel (5, 100.0%)"
959,5,Canada,3,0.6,"Canada (3, 60.0%); United Kingdom (1, 20.0%); United States (1, 20.0%)"
960,5,China,5,1.0,"China (5, 100.0%)"
961,5,China,5,1.0,"China (5, 100.0%)"
962,5,China,5,1.0,"China (5, 100.0%)"
963,5,China,5,1.0,"China (5, 100.0%)"
964,5,China,5,1.0,"China (5, 100.0%)"
965,5,China,5,1.0,"China (5, 100.0%)"
966,5,China,3,0.6,"China (3, 60.0%); Australia (1, 20.0%); United States (1, 20.0%)"
967,5,Unknown country,4,0.8,"Unknown country (4, 80.0%); United Kingdom (1, 20.0%)"
968,5,United Kingdom,5,1.0,"United Kingdom (5, 100.0%)"
969,5,China,5,1.0,"China (5, 100.0%)"
970,5,China,5,1.0,"China (5, 100.0%)"
971,5,China,5,1.0,"China (5, 100.0%)"
972,5,Uzbekistan,3,0.6,"Uzbekistan (3, 60.0%); India (2, 40.0%)"
973,5,China,5,1.0,"China (5, 100.0%)"
974,5,China,5,1.0,"China (5, 100.0%)"
975,5,China,5,1.0,"China (5, 100.0%)"
976,5,United States,5,1.0,"United States (5, 100.0%)"
977,5,China,5,1.0,"China (5, 100.0%)"
978,5,China,5,1.0,"China (5, 100.0%)"
979,5,China,5,1.0,"China (5, 100.0%)"
980,5,France,5,1.0,"France (5, 100.0%)"
981,5,China,5,1.0,"China (5, 100.0%)"
982,5,Iran,5,1.0,"Iran (5, 100.0%)"
983,5,China,5,1.0,"China (5, 100.0%)"
984,5,China,5,1.0,"China (5, 100.0%)"
985,5,China,5,1.0,"China (5, 100.0%)"
986,5,China,5,1.0,"China (5, 100.0%)"
987,5,China,5,1.0,"China (5, 100.0%)"
988,5,China,5,1.0,"China (5, 100.0%)"
989,5,China,5,1.0,"China (5, 100.0%)"
990,5,China,5,1.0,"China (5, 100.0%)"
991,5,China,5,1.0,"China (5, 100.0%)"
992,5,China,5,1.0,"China (5, 100.0%)"
993,5,China,5,1.0,"China (5, 100.0%)"
994,5,Spain,4,0.8,"Spain (4, 80.0%); Italy (1, 20.0%)"
995,5,China,5,1.0,"China (5, 100.0%)"
996,5,China,5,1.0,"China (5, 100.0%)"
997,5,China,5,1.0,"China (5, 100.0%)"
998,5,China,5,1.0,"China (5, 100.0%)"
999,5,China,5,1.0,"China (5, 100.0%)"
1000,5,China,5,1.0,"China (5, 100.0%)"
1001,5,China,5,1.0,"China (5, 100.0%)"
1002,5,United Kingdom,5,1.0,"United Kingdom (5, 100.0%)"
1003,5,China,5,1.0,"China (5, 100.0%)"
1004,5,China,5,1.0,"China (5, 100.0%)"
1005,5,China,5,1.0,"China (5, 100.0%)"
1006,5,China,5,1.0,"China (5, 100.0%)"
1007,5,China,5,1.0,"China (5, 100.0%)"
1008,5,China,5,1.0,"China (5, 100.0%)"
1009,5,China,5,1.0,"China (5, 100.0%)"
1010,5,China,5,1.0,"China (5, 100.0%)"
1011,5,China,5,1.0,"China (5, 100.0%)"
1012,5,China,5,1.0,"China (5, 100.0%)"
1013,5,China,5,1.0,"China (5, 100.0%)"
1014,5,United States,5,1.0,"United States (5, 100.0%)"
1015,5,China,5,1.0,"China (5, 100.0%)"
1016,5,China,5,1.0,"China (5, 100.0%)"
1017,5,China,5,1.0,"China (5, 100.0%)"
1018,5,China,5,1.0,"China (5, 100.0%)"
1019,5,China,5,1.0,"China (5, 100.0%)"
1020,5,China,5,1.0,"China (5, 100.0%)"
1021,4,China,4,1.0,"China (4, 100.0%)"
1022,4,China,4,1.0,"China (4, 100.0%)"
1023,4,China,4,1.0,"China (4, 100.0%)"
1024,4,India,3,0.75,"India (3, 75.0%); United States (1, 25.0%)"
1025,4,Canada,4,1.0,"Canada (4, 100.0%)"
1026,4,China,4,1.0,"China (4, 100.0%)"
1027,4,China,4,1.0,"China (4, 100.0%)"
1028,4,United States,4,1.0,"United States (4, 100.0%)"
1029,4,Germany,2,0.5,"Germany (2, 50.0%); United Kingdom (2, 50.0%)"
1030,4,China,4,1.0,"China (4, 100.0%)"
1031,4,China,4,1.0,"China (4, 100.0%)"
1032,4,China,4,1.0,"China (4, 100.0%)"
1033,4,China,4,1.0,"China (4, 100.0%)"
1034,4,South Korea,3,0.75,"South Korea (3, 75.0%); France (1, 25.0%)"
1035,4,Unknown country,4,1.0,"Unknown country (4, 100.0%)"
1036,4,United States,4,1.0,"United States (4, 100.0%)"
1037,4,China,4,1.0,"China (4, 100.0%)"
1038,4,China,4,1.0,"China (4, 100.0%)"
1039,4,United Kingdom,4,1.0,"United Kingdom (4, 100.0%)"
1040,4,Germany,2,0.5,"Germany (2, 50.0%); France (1, 25.0%); Italy (1, 25.0%)"
1041,4,China,4,1.0,"China (4, 100.0%)"
1042,4,Singapore,4,1.0,"Singapore (4, 100.0%)"
1043,4,China,4,1.0,"China (4, 100.0%)"
1044,4,China,4,1.0,"China (4, 100.0%)"
1045,4,United States,4,1.0,"United States (4, 100.0%)"
1046,4,China,4,1.0,"China (4, 100.0%)"
1047,4,China,4,1.0,"China (4, 100.0%)"
1048,4,United States,4,1.0,"United States (4, 100.0%)"
1049,4,China,4,1.0,"China (4, 100.0%)"
1050,4,China,4,1.0,"China (4, 100.0%)"
1051,4,China,4,1.0,"China (4, 100.0%)"
1052,4,United Kingdom,3,0.75,"United Kingdom (3, 75.0%); United States (1, 25.0%)"
1053,4,United States,4,1.0,"United States (4, 100.0%)"
1054,4,China,4,1.0,"China (4, 100.0%)"
1055,4,China,4,1.0,"China (4, 100.0%)"
1056,4,China,4,1.0,"China (4, 100.0%)"
1057,4,China,4,1.0,"China (4, 100.0%)"
1058,4,China,4,1.0,"China (4, 100.0%)"
1059,4,China,4,1.0,"China (4, 100.0%)"
1060,4,China,4,1.0,"China (4, 100.0%)"
1061,4,Spain,2,0.5,"Spain (2, 50.0%); United States (2, 50.0%)"
1062,4,China,4,1.0,"China (4, 100.0%)"
1063,4,United States,4,1.0,"United States (4, 100.0%)"
1064,4,China,4,1.0,"China (4, 100.0%)"
1065,4,China,4,1.0,"China (4, 100.0%)"
1066,4,China,4,1.0,"China (4, 100.0%)"
1067,4,United States,4,1.0,"United States (4, 100.0%)"
1068,4,China,4,1.0,"China (4, 100.0%)"
1069,4,Unknown country,4,1.0,"Unknown country (4, 100.0%)"
1070,4,China,4,1.0,"China (4, 100.0%)"
1071,4,China,4,1.0,"China (4, 100.0%)"
1072,4,Brazil,4,1.0,"Brazil (4, 100.0%)"
1073,4,China,4,1.0,"China (4, 100.0%)"
1074,4,United States,4,1.0,"United States (4, 100.0%)"
1075,4,United Kingdom,4,1.0,"United Kingdom (4, 100.0%)"
1076,4,United States,4,1.0,"United States (4, 100.0%)"
1077,4,China,4,1.0,"China (4, 100.0%)"
1078,4,China,4,1.0,"China (4, 100.0%)"
1079,4,China,4,1.0,"China (4, 100.0%)"
1080,4,China,4,1.0,"China (4, 100.0%)"
1081,4,Italy,4,1.0,"Italy (4, 100.0%)"
1082,4,China,4,1.0,"China (4, 100.0%)"
1083,4,South Korea,4,1.0,"South Korea (4, 100.0%)"
1084,4,Unknown country,4,1.0,"Unknown country (4, 100.0%)"
1085,4,China,4,1.0,"China (4, 100.0%)"
1086,4,China,4,1.0,"China (4, 100.0%)"
1087,4,Switzerland,4,1.0,"Switzerland (4, 100.0%)"
1088,4,China,4,1.0,"China (4, 100.0%)"
1089,4,China,4,1.0,"China (4, 100.0%)"
1090,4,China,4,1.0,"China (4, 100.0%)"
1091,4,Unknown country,4,1.0,"Unknown country (4, 100.0%)"
1092,4,China,4,1.0,"China (4, 100.0%)"
1093,4,China,4,1.0,"China (4, 100.0%)"
1094,4,China,4,1.0,"China (4, 100.0%)"
1095,4,China,4,1.0,"China (4, 100.0%)"
1096,4,China,4,1.0,"China (4, 100.0%)"
1097,4,China,4,1.0,"China (4, 100.0%)"
1098,4,China,4,1.0,"China (4, 100.0%)"
1099,4,Canada,3,0.75,"Canada (3, 75.0%); China (1, 25.0%)"
1100,4,United Kingdom,4,1.0,"United Kingdom (4, 100.0%)"
1101,4,China,4,1.0,"China (4, 100.0%)"
1102,4,China,4,1.0,"China (4, 100.0%)"
1103,4,China,4,1.0,"China (4, 100.0%)"
1104,4,China,4,1.0,"China (4, 100.0%)"
1105,4,China,4,1.0,"China (4, 100.0%)"
1106,4,China,4,1.0,"China (4, 100.0%)"
1107,4,China,2,0.5,"China (2, 50.0%); United Kingdom (2, 50.0%)"
1108,4,United States,4,1.0,"United States (4, 100.0%)"
1109,4,China,4,1.0,"China (4, 100.0%)"
1110,4,United States,4,1.0,"United States (4, 100.0%)"
1111,4,South Korea,4,1.0,"South Korea (4, 100.0%)"
1112,4,China,4,1.0,"China (4, 100.0%)"
1113,4,China,4,1.0,"China (4, 100.0%)"
1114,4,China,4,1.0,"China (4, 100.0%)"
1115,4,United States,4,1.0,"United States (4, 100.0%)"
1116,4,United States,4,1.0,"United States (4, 100.0%)"
1117,4,China,4,1.0,"China (4, 100.0%)"
1118,4,France,3,0.75,"France (3, 75.0%); China (1, 25.0%)"
1119,4,China,4,1.0,"China (4, 100.0%)"
1120,4,Netherlands,4,1.0,"Netherlands (4, 100.0%)"
1121,4,China,4,1.0,"China (4, 100.0%)"
1122,4,Germany,4,1.0,"Germany (4, 100.0%)"
1123,4,China,4,1.0,"China (4, 100.0%)"
1124,4,China,4,1.0,"China (4, 100.0%)"
1125,4,Australia,4,1.0,"Australia (4, 100.0%)"
1126,4,India,2,0.5,"India (2, 50.0%); Saudi Arabia (2, 50.0%)"
1127,4,China,4,1.0,"China (4, 100.0%)"
1128,4,India,4,1.0,"India (4, 100.0%)"
1129,4,China,4,1.0,"China (4, 100.0%)"
1130,4,China,4,1.0,"China (4, 100.0%)"
1131,4,China,4,1.0,"China (4, 100.0%)"
1132,4,China,4,1.0,"China (4, 100.0%)"
1133,4,Unknown country,4,1.0,"Unknown country (4, 100.0%)"
1134,4,China,4,1.0,"China (4, 100.0%)"
1135,4,China,4,1.0,"China (4, 100.0%)"
1136,4,Turkey,3,0.75,"Turkey (3, 75.0%); Unknown country (1, 25.0%)"
1137,4,China,4,1.0,"China (4, 100.0%)"
1138,4,China,4,1.0,"China (4, 100.0%)"
1139,4,China,4,1.0,"China (4, 100.0%)"
1140,4,China,4,1.0,"China (4, 100.0%)"
1141,4,China,4,1.0,"China (4, 100.0%)"
1142,4,United States,4,1.0,"United States (4, 100.0%)"
1143,4,New Zealand,3,0.75,"New Zealand (3, 75.0%); Brazil (1, 25.0%)"
1144,4,China,4,1.0,"China (4, 100.0%)"
1145,4,China,4,1.0,"China (4, 100.0%)"
1146,4,China,4,1.0,"China (4, 100.0%)"
1147,4,China,4,1.0,"China (4, 100.0%)"
1148,4,China,4,1.0,"China (4, 100.0%)"
1149,4,United States,4,1.0,"United States (4, 100.0%)"
1150,4,China,4,1.0,"China (4, 100.0%)"
1151,4,China,4,1.0,"China (4, 100.0%)"
1152,4,China,4,1.0,"China (4, 100.0%)"
1153,4,China,4,1.0,"China (4, 100.0%)"
1154,4,China,3,0.75,"China (3, 75.0%); United States (1, 25.0%)"
1155,4,United Kingdom,2,0.5,"United Kingdom (2, 50.0%); United States (2, 50.0%)"
1156,4,China,4,1.0,"China (4, 100.0%)"
1157,4,United States,4,1.0,"United States (4, 100.0%)"
1158,4,China,4,1.0,"China (4, 100.0%)"
1159,4,China,4,1.0,"China (4, 100.0%)"
1160,4,China,4,1.0,"China (4, 100.0%)"
1161,4,China,4,1.0,"China (4, 100.0%)"
1162,4,China,4,1.0,"China (4, 100.0%)"
1163,4,China,4,1.0,"China (4, 100.0%)"
1164,4,China,4,1.0,"China (4, 100.0%)"
1165,4,China,4,1.0,"China (4, 100.0%)"
1166,4,China,4,1.0,"China (4, 100.0%)"
1167,4,China,4,1.0,"China (4, 100.0%)"
1168,4,China,4,1.0,"China (4, 100.0%)"
1169,4,China,4,1.0,"China (4, 100.0%)"
1170,4,Netherlands,4,1.0,"Netherlands (4, 100.0%)"
1171,4,China,4,1.0,"China (4, 100.0%)"
1172,4,China,4,1.0,"China (4, 100.0%)"
1173,4,China,4,1.0,"China (4, 100.0%)"
1174,4,Unknown country,4,1.0,"Unknown country (4, 100.0%)"
1175,4,China,3,0.75,"China (3, 75.0%); Australia (1, 25.0%)"
1176,4,China,4,1.0,"China (4, 100.0%)"
1177,4,China,4,1.0,"China (4, 100.0%)"
1178,4,China,4,1.0,"China (4, 100.0%)"
1179,4,China,4,1.0,"China (4, 100.0%)"
1180,4,Brazil,4,1.0,"Brazil (4, 100.0%)"
1181,4,China,4,1.0,"China (4, 100.0%)"
1182,4,United States,3,0.75,"United States (3, 75.0%); China (1, 25.0%)"
1183,4,China,4,1.0,"China (4, 100.0%)"
1184,4,France,4,1.0,"France (4, 100.0%)"
1185,4,China,4,1.0,"China (4, 100.0%)"
1186,4,Rwanda,2,0.5,"Rwanda (2, 50.0%); Pakistan (1, 25.0%); Russia (1, 25.0%)"
1187,4,China,4,1.0,"China (4, 100.0%)"
1188,4,China,4,1.0,"China (4, 100.0%)"
1189,4,China,4,1.0,"China (4, 100.0%)"
1190,4,United Kingdom,4,1.0,"United Kingdom (4, 100.0%)"
1191,4,China,4,1.0,"China (4, 100.0%)"
1192,4,China,4,1.0,"China (4, 100.0%)"
1193,4,China,4,1.0,"China (4, 100.0%)"
1194,4,China,4,1.0,"China (4, 100.0%)"
1195,4,India,4,1.0,"India (4, 100.0%)"
1196,4,China,4,1.0,"China (4, 100.0%)"
1197,4,China,4,1.0,"China (4, 100.0%)"
1198,4,Canada,4,1.0,"Canada (4, 100.0%)"
1199,4,China,4,1.0,"China (4, 100.0%)"
1200,4,Turkey,4,1.0,"Turkey (4, 100.0%)"
1201,4,Canada,4,1.0,"Canada (4, 100.0%)"
1202,4,China,4,1.0,"China (4, 100.0%)"
1203,4,China,4,1.0,"China (4, 100.0%)"
1204,4,China,4,1.0,"China (4, 100.0%)"
1205,4,China,4,1.0,"China (4, 100.0%)"
1206,4,China,4,1.0,"China (4, 100.0%)"
1207,4,China,4,1.0,"China (4, 100.0%)"
1208,4,United Kingdom,4,1.0,"United Kingdom (4, 100.0%)"
1209,4,Canada,4,1.0,"Canada (4, 100.0%)"
1210,4,China,4,1.0,"China (4, 100.0%)"
1211,4,Netherlands,4,1.0,"Netherlands (4, 100.0%)"
1212,4,China,4,1.0,"China (4, 100.0%)"
1213,4,China,4,1.0,"China (4, 100.0%)"
1214,4,China,4,1.0,"China (4, 100.0%)"
1215,4,China,4,1.0,"China (4, 100.0%)"
1216,4,China,4,1.0,"China (4, 100.0%)"
1217,4,China,4,1.0,"China (4, 100.0%)"
1218,4,China,4,1.0,"China (4, 100.0%)"
1219,4,China,4,1.0,"China (4, 100.0%)"
1220,4,China,4,1.0,"China (4, 100.0%)"
1221,4,Taiwan,4,1.0,"Taiwan (4, 100.0%)"
1222,4,China,4,1.0,"China (4, 100.0%)"
1223,4,China,4,1.0,"China (4, 100.0%)"
1224,4,China,4,1.0,"China (4, 100.0%)"
1225,4,China,4,1.0,"China (4, 100.0%)"
1226,4,China,4,1.0,"China (4, 100.0%)"
1227,4,South Korea,4,1.0,"South Korea (4, 100.0%)"
1228,4,China,4,1.0,"China (4, 100.0%)"
1229,4,United States,4,1.0,"United States (4, 100.0%)"
1230,4,United Kingdom,4,1.0,"United Kingdom (4, 100.0%)"
1231,4,China,4,1.0,"China (4, 100.0%)"
1232,4,China,4,1.0,"China (4, 100.0%)"
1233,4,China,4,1.0,"China (4, 100.0%)"
1234,4,Unknown country,4,1.0,"Unknown country (4, 100.0%)"
1235,4,China,4,1.0,"China (4, 100.0%)"
1236,4,China,4,1.0,"China (4, 100.0%)"
1237,4,China,4,1.0,"China (4, 100.0%)"
1238,4,China,4,1.0,"China (4, 100.0%)"
1239,4,United States,4,1.0,"United States (4, 100.0%)"
1240,4,Israel,4,1.0,"Israel (4, 100.0%)"
1241,4,China,4,1.0,"China (4, 100.0%)"
1242,3,United States,3,1.0,"United States (3, 100.0%)"
1243,3,China,3,1.0,"China (3, 100.0%)"
1244,3,India,3,1.0,"India (3, 100.0%)"
1245,3,China,3,1.0,"China (3, 100.0%)"
1246,3,United Kingdom,3,1.0,"United Kingdom (3, 100.0%)"
1247,3,China,3,1.0,"China (3, 100.0%)"
1248,3,China,3,1.0,"China (3, 100.0%)"
1249,3,Australia,3,1.0,"Australia (3, 100.0%)"
1250,3,United Kingdom,3,1.0,"United Kingdom (3, 100.0%)"
1251,3,Unknown country,3,1.0,"Unknown country (3, 100.0%)"
1252,3,United States,3,1.0,"United States (3, 100.0%)"
1253,3,China,3,1.0,"China (3, 100.0%)"
1254,3,China,3,1.0,"China (3, 100.0%)"
1255,3,China,3,1.0,"China (3, 100.0%)"
1256,3,United States,3,1.0,"United States (3, 100.0%)"
1257,3,United States,3,1.0,"United States (3, 100.0%)"
1258,3,United States,3,1.0,"United States (3, 100.0%)"
1259,3,United States,3,1.0,"United States (3, 100.0%)"
1260,3,China,3,1.0,"China (3, 100.0%)"
1261,3,China,3,1.0,"China (3, 100.0%)"
1262,3,United Kingdom,3,1.0,"United Kingdom (3, 100.0%)"
1263,3,China,3,1.0,"China (3, 100.0%)"
1264,3,China,3,1.0,"China (3, 100.0%)"
1265,3,China,3,1.0,"China (3, 100.0%)"
1266,3,Taiwan,3,1.0,"Taiwan (3, 100.0%)"
1267,3,Slovenia,3,1.0,"Slovenia (3, 100.0%)"
1268,3,China,3,1.0,"China (3, 100.0%)"
1269,3,China,3,1.0,"China (3, 100.0%)"
1270,3,United States,3,1.0,"United States (3, 100.0%)"
1271,3,China,3,1.0,"China (3, 100.0%)"
1272,3,India,3,1.0,"India (3, 100.0%)"
1273,3,China,3,1.0,"China (3, 100.0%)"
1274,3,China,3,1.0,"China (3, 100.0%)"
1275,3,China,3,1.0,"China (3, 100.0%)"
1276,3,China,3,1.0,"China (3, 100.0%)"
1277,3,China,3,1.0,"China (3, 100.0%)"
1278,3,China,2,0.6666666666666666,"China (2, 66.7%); United States (1, 33.3%)"
1279,3,China,3,1.0,"China (3, 100.0%)"
1280,3,China,3,1.0,"China (3, 100.0%)"
1281,3,United States,3,1.0,"United States (3, 100.0%)"
1282,3,China,3,1.0,"China (3, 100.0%)"
1283,3,China,3,1.0,"China (3, 100.0%)"
1284,3,China,3,1.0,"China (3, 100.0%)"
1285,3,China,3,1.0,"China (3, 100.0%)"
1286,3,South Korea,3,1.0,"South Korea (3, 100.0%)"
1287,3,China,3,1.0,"China (3, 100.0%)"
1288,3,China,3,1.0,"China (3, 100.0%)"
1289,3,China,3,1.0,"China (3, 100.0%)"
1290,3,China,3,1.0,"China (3, 100.0%)"
1291,3,China,3,1.0,"China (3, 100.0%)"
1292,3,United Kingdom,3,1.0,"United Kingdom (3, 100.0%)"
1293,3,Unknown country,3,1.0,"Unknown country (3, 100.0%)"
1294,3,Unknown country,2,0.6666666666666666,"Unknown country (2, 66.7%); Germany (1, 33.3%)"
1295,3,China,3,1.0,"China (3, 100.0%)"
1296,3,China,3,1.0,"China (3, 100.0%)"
1297,3,China,3,1.0,"China (3, 100.0%)"
1298,3,China,3,1.0,"China (3, 100.0%)"
1299,3,China,3,1.0,"China (3, 100.0%)"
1300,3,China,3,1.0,"China (3, 100.0%)"
1301,3,China,3,1.0,"China (3, 100.0%)"
1302,3,Canada,1,0.3333333333333333,"Canada (1, 33.3%); Iraq (1, 33.3%); United Kingdom (1, 33.3%)"
1303,3,China,3,1.0,"China (3, 100.0%)"
1304,3,United States,3,1.0,"United States (3, 100.0%)"
1305,3,China,3,1.0,"China (3, 100.0%)"
1306,3,China,3,1.0,"China (3, 100.0%)"
1307,3,China,3,1.0,"China (3, 100.0%)"
1308,3,China,3,1.0,"China (3, 100.0%)"
1309,3,China,3,1.0,"China (3, 100.0%)"
1310,3,China,3,1.0,"China (3, 100.0%)"
1311,3,China,3,1.0,"China (3, 100.0%)"
1312,3,China,3,1.0,"China (3, 100.0%)"
1313,3,China,3,1.0,"China (3, 100.0%)"
1314,3,China,3,1.0,"China (3, 100.0%)"
1315,3,United Kingdom,3,1.0,"United Kingdom (3, 100.0%)"
1316,3,United States,3,1.0,"United States (3, 100.0%)"
1317,3,United States,3,1.0,"United States (3, 100.0%)"
1318,3,Indonesia,3,1.0,"Indonesia (3, 100.0%)"
1319,3,China,3,1.0,"China (3, 100.0%)"
1320,3,China,3,1.0,"China (3, 100.0%)"
1321,3,China,3,1.0,"China (3, 100.0%)"
1322,3,United Kingdom,3,1.0,"United Kingdom (3, 100.0%)"
1323,3,China,3,1.0,"China (3, 100.0%)"
1324,3,United Kingdom,3,1.0,"United Kingdom (3, 100.0%)"
1325,3,Germany,3,1.0,"Germany (3, 100.0%)"
1326,3,China,3,1.0,"China (3, 100.0%)"
1327,3,Israel,3,1.0,"Israel (3, 100.0%)"
1328,3,China,3,1.0,"China (3, 100.0%)"
1329,3,China,3,1.0,"China (3, 100.0%)"
1330,3,Italy,3,1.0,"Italy (3, 100.0%)"
1331,3,China,3,1.0,"China (3, 100.0%)"
1332,3,China,3,1.0,"China (3, 100.0%)"
1333,3,United States,2,0.6666666666666666,"United States (2, 66.7%); Germany (1, 33.3%)"
1334,3,China,3,1.0,"China (3, 100.0%)"
1335,3,China,3,1.0,"China (3, 100.0%)"
1336,3,Pakistan,2,0.6666666666666666,"Pakistan (2, 66.7%); United States (1, 33.3%)"
1337,3,United States,2,0.6666666666666666,"United States (2, 66.7%); Canada (1, 33.3%)"
1338,3,Unknown country,3,1.0,"Unknown country (3, 100.0%)"
1339,3,China,3,1.0,"China (3, 100.0%)"
1340,3,China,3,1.0,"China (3, 100.0%)"
1341,3,China,3,1.0,"China (3, 100.0%)"
1342,3,China,3,1.0,"China (3, 100.0%)"
1343,3,China,3,1.0,"China (3, 100.0%)"
1344,3,United States,3,1.0,"United States (3, 100.0%)"
1345,3,China,3,1.0,"China (3, 100.0%)"
1346,3,China,3,1.0,"China (3, 100.0%)"
1347,3,China,3,1.0,"China (3, 100.0%)"
1348,3,China,3,1.0,"China (3, 100.0%)"
1349,3,China,3,1.0,"China (3, 100.0%)"
1350,3,China,3,1.0,"China (3, 100.0%)"
1351,3,China,3,1.0,"China (3, 100.0%)"
1352,3,United Kingdom,3,1.0,"United Kingdom (3, 100.0%)"
1353,3,Australia,2,0.6666666666666666,"Australia (2, 66.7%); China (1, 33.3%)"
1354,3,China,3,1.0,"China (3, 100.0%)"
1355,3,Ghana,3,1.0,"Ghana (3, 100.0%)"
1356,3,United Kingdom,3,1.0,"United Kingdom (3, 100.0%)"
1357,3,China,3,1.0,"China (3, 100.0%)"
1358,3,United States,3,1.0,"United States (3, 100.0%)"
1359,3,Unknown country,3,1.0,"Unknown country (3, 100.0%)"
1360,3,China,3,1.0,"China (3, 100.0%)"
1361,3,China,3,1.0,"China (3, 100.0%)"
1362,3,Australia,3,1.0,"Australia (3, 100.0%)"
1363,3,China,3,1.0,"China (3, 100.0%)"
1364,3,China,3,1.0,"China (3, 100.0%)"
1365,3,China,3,1.0,"China (3, 100.0%)"
1366,3,China,3,1.0,"China (3, 100.0%)"
1367,3,China,3,1.0,"China (3, 100.0%)"
1368,3,Romania,3,1.0,"Romania (3, 100.0%)"
1369,3,Canada,3,1.0,"Canada (3, 100.0%)"
1370,3,China,3,1.0,"China (3, 100.0%)"
1371,3,China,2,0.6666666666666666,"China (2, 66.7%); United States (1, 33.3%)"
1372,3,China,3,1.0,"China (3, 100.0%)"
1373,3,China,3,1.0,"China (3, 100.0%)"
1374,3,China,3,1.0,"China (3, 100.0%)"
1375,3,United States,3,1.0,"United States (3, 100.0%)"
1376,3,China,3,1.0,"China (3, 100.0%)"
1377,3,China,3,1.0,"China (3, 100.0%)"
1378,3,China,3,1.0,"China (3, 100.0%)"
1379,3,China,3,1.0,"China (3, 100.0%)"
1380,3,China,3,1.0,"China (3, 100.0%)"
1381,3,China,3,1.0,"China (3, 100.0%)"
1382,3,China,3,1.0,"China (3, 100.0%)"
1383,3,South Korea,3,1.0,"South Korea (3, 100.0%)"
1384,3,China,3,1.0,"China (3, 100.0%)"
1385,3,China,3,1.0,"China (3, 100.0%)"
1386,3,China,3,1.0,"China (3, 100.0%)"
1387,3,China,3,1.0,"China (3, 100.0%)"
1388,3,China,3,1.0,"China (3, 100.0%)"
1389,3,China,3,1.0,"China (3, 100.0%)"
1390,3,China,3,1.0,"China (3, 100.0%)"
1391,3,Australia,1,0.3333333333333333,"Australia (1, 33.3%); United Kingdom (1, 33.3%); Unknown country (1, 33.3%)"
1392,3,China,3,1.0,"China (3, 100.0%)"
1393,3,China,3,1.0,"China (3, 100.0%)"
1394,3,Japan,3,1.0,"Japan (3, 100.0%)"
1395,3,United Kingdom,3,1.0,"United Kingdom (3, 100.0%)"
1396,3,China,3,1.0,"China (3, 100.0%)"
1397,3,United Kingdom,3,1.0,"United Kingdom (3, 100.0%)"
1398,3,United States,3,1.0,"United States (3, 100.0%)"
1399,3,China,3,1.0,"China (3, 100.0%)"
1400,3,China,3,1.0,"China (3, 100.0%)"
1401,3,China,3,1.0,"China (3, 100.0%)"
1402,3,China,3,1.0,"China (3, 100.0%)"
1403,3,China,3,1.0,"China (3, 100.0%)"
1404,3,China,3,1.0,"China (3, 100.0%)"
1405,3,China,3,1.0,"China (3, 100.0%)"
1406,3,Austria,3,1.0,"Austria (3, 100.0%)"
1407,3,Canada,1,0.3333333333333333,"Canada (1, 33.3%); United Kingdom (1, 33.3%); Unknown country (1, 33.3%)"
1408,3,China,2,0.6666666666666666,"China (2, 66.7%); Bulgaria (1, 33.3%)"
1409,3,China,3,1.0,"China (3, 100.0%)"
1410,3,China,3,1.0,"China (3, 100.0%)"
1411,3,China,3,1.0,"China (3, 100.0%)"
1412,3,China,3,1.0,"China (3, 100.0%)"
1413,3,United Kingdom,2,0.6666666666666666,"United Kingdom (2, 66.7%); Italy (1, 33.3%)"
1414,3,United States,2,0.6666666666666666,"United States (2, 66.7%); Canada (1, 33.3%)"
1415,3,United Kingdom,3,1.0,"United Kingdom (3, 100.0%)"
1416,3,China,3,1.0,"China (3, 100.0%)"
1417,3,China,3,1.0,"China (3, 100.0%)"
1418,3,Japan,3,1.0,"Japan (3, 100.0%)"
1419,3,United States,3,1.0,"United States (3, 100.0%)"
1420,3,United States,2,0.6666666666666666,"United States (2, 66.7%); United Kingdom (1, 33.3%)"
1421,3,United States,3,1.0,"United States (3, 100.0%)"
1422,3,China,3,1.0,"China (3, 100.0%)"
1423,3,Bolivia,2,0.6666666666666666,"Bolivia (2, 66.7%); Canada (1, 33.3%)"
1424,3,United States,2,0.6666666666666666,"United States (2, 66.7%); United Kingdom (1, 33.3%)"
1425,3,United States,3,1.0,"United States (3, 100.0%)"
1426,3,China,3,1.0,"China (3, 100.0%)"
1427,3,Russia,3,1.0,"Russia (3, 100.0%)"
1428,3,China,3,1.0,"China (3, 100.0%)"
1429,3,China,3,1.0,"China (3, 100.0%)"
1430,3,United Kingdom,3,1.0,"United Kingdom (3, 100.0%)"
1431,3,China,3,1.0,"China (3, 100.0%)"
1432,3,Canada,3,1.0,"Canada (3, 100.0%)"
1433,3,China,3,1.0,"China (3, 100.0%)"
1434,3,China,3,1.0,"China (3, 100.0%)"
1435,3,China,3,1.0,"China (3, 100.0%)"
1436,3,China,3,1.0,"China (3, 100.0%)"
1437,3,United Kingdom,3,1.0,"United Kingdom (3, 100.0%)"
1438,3,China,3,1.0,"China (3, 100.0%)"
1439,3,China,3,1.0,"China (3, 100.0%)"
1440,3,Taiwan,3,1.0,"Taiwan (3, 100.0%)"
1441,3,China,3,1.0,"China (3, 100.0%)"
1442,3,China,3,1.0,"China (3, 100.0%)"
1443,3,United States,3,1.0,"United States (3, 100.0%)"
1444,3,China,3,1.0,"China (3, 100.0%)"
1445,3,China,3,1.0,"China (3, 100.0%)"
1446,3,China,3,1.0,"China (3, 100.0%)"
1447,3,China,3,1.0,"China (3, 100.0%)"
1448,3,Ireland,3,1.0,"Ireland (3, 100.0%)"
1449,3,China,3,1.0,"China (3, 100.0%)"
1450,3,United States,3,1.0,"United States (3, 100.0%)"
1451,3,China,3,1.0,"China (3, 100.0%)"
1452,3,China,3,1.0,"China (3, 100.0%)"
1453,3,China,3,1.0,"China (3, 100.0%)"
1454,3,China,3,1.0,"China (3, 100.0%)"
1455,3,United States,3,1.0,"United States (3, 100.0%)"
1456,3,China,3,1.0,"China (3, 100.0%)"
1457,3,United States,3,1.0,"United States (3, 100.0%)"
1458,3,China,3,1.0,"China (3, 100.0%)"
1459,3,China,3,1.0,"China (3, 100.0%)"
1460,3,Germany,3,1.0,"Germany (3, 100.0%)"
1461,3,India,3,1.0,"India (3, 100.0%)"
1462,3,Unknown country,2,0.6666666666666666,"Unknown country (2, 66.7%); United States (1, 33.3%)"
1463,3,Brazil,3,1.0,"Brazil (3, 100.0%)"
1464,3,China,3,1.0,"China (3, 100.0%)"
1465,3,United Kingdom,3,1.0,"United Kingdom (3, 100.0%)"
1466,3,China,3,1.0,"China (3, 100.0%)"
1467,3,China,3,1.0,"China (3, 100.0%)"
1468,3,United Kingdom,2,0.6666666666666666,"United Kingdom (2, 66.7%); China (1, 33.3%)"
1469,3,China,3,1.0,"China (3, 100.0%)"
1470,3,Turkey,3,1.0,"Turkey (3, 100.0%)"
1471,2,China,2,1.0,"China (2, 100.0%)"
1472,2,Canada,2,1.0,"Canada (2, 100.0%)"
1473,2,United Kingdom,2,1.0,"United Kingdom (2, 100.0%)"
1474,2,China,1,0.5,"China (1, 50.0%); Germany (1, 50.0%)"
1475,2,China,2,1.0,"China (2, 100.0%)"
1476,2,China,2,1.0,"China (2, 100.0%)"
1477,2,China,2,1.0,"China (2, 100.0%)"
1478,2,China,2,1.0,"China (2, 100.0%)"
1479,2,China,2,1.0,"China (2, 100.0%)"
1480,2,China,2,1.0,"China (2, 100.0%)"
1481,2,China,2,1.0,"China (2, 100.0%)"
1482,2,Unknown country,2,1.0,"Unknown country (2, 100.0%)"
1483,2,China,2,1.0,"China (2, 100.0%)"
1484,2,China,2,1.0,"China (2, 100.0%)"
1485,2,Unknown country,2,1.0,"Unknown country (2, 100.0%)"
1486,2,China,2,1.0,"China (2, 100.0%)"
1487,2,United States,2,1.0,"United States (2, 100.0%)"
1488,2,China,2,1.0,"China (2, 100.0%)"
1489,2,Singapore,2,1.0,"Singapore (2, 100.0%)"
1490,2,China,2,1.0,"China (2, 100.0%)"
1491,2,China,2,1.0,"China (2, 100.0%)"
1492,2,Japan,2,1.0,"Japan (2, 100.0%)"
1493,2,China,2,1.0,"China (2, 100.0%)"
1494,2,China,2,1.0,"China (2, 100.0%)"
1495,2,China,2,1.0,"China (2, 100.0%)"
1496,2,China,2,1.0,"China (2, 100.0%)"
1497,2,China,2,1.0,"China (2, 100.0%)"
1498,2,China,2,1.0,"China (2, 100.0%)"
1499,2,China,2,1.0,"China (2, 100.0%)"
1500,2,China,2,1.0,"China (2, 100.0%)"
1501,2,China,2,1.0,"China (2, 100.0%)"
1502,2,China,2,1.0,"China (2, 100.0%)"
1503,2,South Korea,2,1.0,"South Korea (2, 100.0%)"
1504,2,China,2,1.0,"China (2, 100.0%)"
1505,2,China,2,1.0,"China (2, 100.0%)"
1506,2,China,1,0.5,"China (1, 50.0%); United Kingdom (1, 50.0%)"
1507,2,China,2,1.0,"China (2, 100.0%)"
1508,2,South Korea,2,1.0,"South Korea (2, 100.0%)"
1509,2,China,2,1.0,"China (2, 100.0%)"
1510,2,China,2,1.0,"China (2, 100.0%)"
1511,2,Egypt,2,1.0,"Egypt (2, 100.0%)"
1512,2,China,2,1.0,"China (2, 100.0%)"
1513,2,China,2,1.0,"China (2, 100.0%)"
1514,2,India,2,1.0,"India (2, 100.0%)"
1515,2,China,2,1.0,"China (2, 100.0%)"
1516,2,United States,2,1.0,"United States (2, 100.0%)"
1517,2,United Kingdom,2,1.0,"United Kingdom (2, 100.0%)"
1518,2,France,1,0.5,"France (1, 50.0%); Switzerland (1, 50.0%)"
1519,2,Brazil,1,0.5,"Brazil (1, 50.0%); Switzerland (1, 50.0%)"
1520,2,China,2,1.0,"China (2, 100.0%)"
1521,2,China,2,1.0,"China (2, 100.0%)"
1522,2,United Kingdom,2,1.0,"United Kingdom (2, 100.0%)"
1523,2,South Korea,2,1.0,"South Korea (2, 100.0%)"
1524,2,China,2,1.0,"China (2, 100.0%)"
1525,2,China,2,1.0,"China (2, 100.0%)"
1526,2,China,2,1.0,"China (2, 100.0%)"
1527,2,China,2,1.0,"China (2, 100.0%)"
1528,2,China,2,1.0,"China (2, 100.0%)"
1529,2,India,2,1.0,"India (2, 100.0%)"
1530,2,China,2,1.0,"China (2, 100.0%)"
1531,2,China,2,1.0,"China (2, 100.0%)"
1532,2,Taiwan,2,1.0,"Taiwan (2, 100.0%)"
1533,2,India,2,1.0,"India (2, 100.0%)"
1534,2,China,2,1.0,"China (2, 100.0%)"
1535,2,China,2,1.0,"China (2, 100.0%)"
1536,2,Switzerland,2,1.0,"Switzerland (2, 100.0%)"
1537,2,China,1,0.5,"China (1, 50.0%); Unknown country (1, 50.0%)"
1538,2,China,1,0.5,"China (1, 50.0%); United States (1, 50.0%)"
1539,2,United States,2,1.0,"United States (2, 100.0%)"
1540,2,China,2,1.0,"China (2, 100.0%)"
1541,2,China,2,1.0,"China (2, 100.0%)"
1542,2,China,2,1.0,"China (2, 100.0%)"
1543,2,China,2,1.0,"China (2, 100.0%)"
1544,2,China,2,1.0,"China (2, 100.0%)"
1545,2,China,2,1.0,"China (2, 100.0%)"
1546,2,China,2,1.0,"China (2, 100.0%)"
1547,2,New Zealand,2,1.0,"New Zealand (2, 100.0%)"
1548,2,China,2,1.0,"China (2, 100.0%)"
1549,2,China,1,0.5,"China (1, 50.0%); United States (1, 50.0%)"
1550,2,China,2,1.0,"China (2, 100.0%)"
1551,2,China,2,1.0,"China (2, 100.0%)"
1552,2,China,2,1.0,"China (2, 100.0%)"
1553,2,China,2,1.0,"China (2, 100.0%)"
1554,2,China,2,1.0,"China (2, 100.0%)"
1555,2,China,2,1.0,"China (2, 100.0%)"
1556,2,China,2,1.0,"China (2, 100.0%)"
1557,2,India,2,1.0,"India (2, 100.0%)"
1558,2,South Korea,2,1.0,"South Korea (2, 100.0%)"
1559,2,China,2,1.0,"China (2, 100.0%)"
1560,2,Germany,1,0.5,"Germany (1, 50.0%); Unknown country (1, 50.0%)"
1561,2,China,2,1.0,"China (2, 100.0%)"
1562,2,China,2,1.0,"China (2, 100.0%)"
1563,2,China,2,1.0,"China (2, 100.0%)"
1564,2,China,2,1.0,"China (2, 100.0%)"
1565,2,China,2,1.0,"China (2, 100.0%)"
1566,2,India,2,1.0,"India (2, 100.0%)"
1567,2,China,2,1.0,"China (2, 100.0%)"
1568,2,China,2,1.0,"China (2, 100.0%)"
1569,2,China,2,1.0,"China (2, 100.0%)"
1570,2,China,2,1.0,"China (2, 100.0%)"
1571,2,China,2,1.0,"China (2, 100.0%)"
1572,2,China,2,1.0,"China (2, 100.0%)"
1573,2,Saudi Arabia,1,0.5,"Saudi Arabia (1, 50.0%); Yemen (1, 50.0%)"
1574,2,United States,2,1.0,"United States (2, 100.0%)"
1575,2,China,2,1.0,"China (2, 100.0%)"
1576,2,China,2,1.0,"China (2, 100.0%)"
1577,2,China,2,1.0,"China (2, 100.0%)"
1578,2,China,2,1.0,"China (2, 100.0%)"
1579,2,United States,2,1.0,"United States (2, 100.0%)"
1580,2,China,2,1.0,"China (2, 100.0%)"
1581,2,China,2,1.0,"China (2, 100.0%)"
1582,2,Netherlands,2,1.0,"Netherlands (2, 100.0%)"
1583,2,China,2,1.0,"China (2, 100.0%)"
1584,2,China,2,1.0,"China (2, 100.0%)"
1585,2,China,2,1.0,"China (2, 100.0%)"
1586,2,China,2,1.0,"China (2, 100.0%)"
1587,2,Belgium,2,1.0,"Belgium (2, 100.0%)"
1588,2,Australia,1,0.5,"Australia (1, 50.0%); Portugal (1, 50.0%)"
1589,2,United States,2,1.0,"United States (2, 100.0%)"
1590,2,China,2,1.0,"China (2, 100.0%)"
1591,2,Greece,1,0.5,"Greece (1, 50.0%); United States (1, 50.0%)"
1592,2,China,2,1.0,"China (2, 100.0%)"
1593,2,Austria,2,1.0,"Austria (2, 100.0%)"
1594,2,Nigeria,2,1.0,"Nigeria (2, 100.0%)"
1595,2,China,2,1.0,"China (2, 100.0%)"
1596,2,South Korea,2,1.0,"South Korea (2, 100.0%)"
1597,2,China,2,1.0,"China (2, 100.0%)"
1598,2,China,2,1.0,"China (2, 100.0%)"
1599,2,China,2,1.0,"China (2, 100.0%)"
1600,2,China,2,1.0,"China (2, 100.0%)"
1601,2,India,2,1.0,"India (2, 100.0%)"
1602,2,China,2,1.0,"China (2, 100.0%)"
1603,2,Unknown country,2,1.0,"Unknown country (2, 100.0%)"
1604,2,China,2,1.0,"China (2, 100.0%)"
1605,2,China,2,1.0,"China (2, 100.0%)"
1606,2,Austria,1,0.5,"Austria (1, 50.0%); Germany (1, 50.0%)"
1607,2,China,2,1.0,"China (2, 100.0%)"
1608,2,India,2,1.0,"India (2, 100.0%)"
1609,2,China,2,1.0,"China (2, 100.0%)"
1610,2,United States,2,1.0,"United States (2, 100.0%)"
1611,2,Canada,2,1.0,"Canada (2, 100.0%)"
1612,2,China,1,0.5,"China (1, 50.0%); Germany (1, 50.0%)"
1613,2,China,2,1.0,"China (2, 100.0%)"
1614,2,China,2,1.0,"China (2, 100.0%)"
1615,2,China,2,1.0,"China (2, 100.0%)"
1616,2,China,2,1.0,"China (2, 100.0%)"
1617,2,China,2,1.0,"China (2, 100.0%)"
1618,2,United States,2,1.0,"United States (2, 100.0%)"
1619,2,China,2,1.0,"China (2, 100.0%)"
1620,2,United States,2,1.0,"United States (2, 100.0%)"
1621,2,China,2,1.0,"China (2, 100.0%)"
1622,2,China,2,1.0,"China (2, 100.0%)"
1623,2,United Kingdom,2,1.0,"United Kingdom (2, 100.0%)"
1624,2,China,2,1.0,"China (2, 100.0%)"
1625,2,China,2,1.0,"China (2, 100.0%)"
1626,2,China,2,1.0,"China (2, 100.0%)"
1627,2,United Kingdom,2,1.0,"United Kingdom (2, 100.0%)"
1628,2,Japan,2,1.0,"Japan (2, 100.0%)"
1629,2,China,2,1.0,"China (2, 100.0%)"
1630,2,Canada,1,0.5,"Canada (1, 50.0%); United States (1, 50.0%)"
1631,2,China,2,1.0,"China (2, 100.0%)"
1632,2,China,2,1.0,"China (2, 100.0%)"
1633,2,China,2,1.0,"China (2, 100.0%)"
1634,2,Japan,2,1.0,"Japan (2, 100.0%)"
1635,2,Canada,2,1.0,"Canada (2, 100.0%)"
1636,2,United States,2,1.0,"United States (2, 100.0%)"
1637,2,China,2,1.0,"China (2, 100.0%)"
1638,2,China,2,1.0,"China (2, 100.0%)"
1639,2,United States,2,1.0,"United States (2, 100.0%)"
1640,2,China,2,1.0,"China (2, 100.0%)"
1641,2,China,2,1.0,"China (2, 100.0%)"
1642,2,United Kingdom,2,1.0,"United Kingdom (2, 100.0%)"
1643,2,China,2,1.0,"China (2, 100.0%)"
1644,2,China,2,1.0,"China (2, 100.0%)"
1645,2,China,2,1.0,"China (2, 100.0%)"
1646,2,India,2,1.0,"India (2, 100.0%)"
1647,2,China,2,1.0,"China (2, 100.0%)"
1648,2,Russia,2,1.0,"Russia (2, 100.0%)"
1649,2,China,2,1.0,"China (2, 100.0%)"
1650,2,China,2,1.0,"China (2, 100.0%)"
1651,2,China,2,1.0,"China (2, 100.0%)"
1652,2,China,2,1.0,"China (2, 100.0%)"
1653,2,United Kingdom,2,1.0,"United Kingdom (2, 100.0%)"
1654,2,United Kingdom,2,1.0,"United Kingdom (2, 100.0%)"
1655,2,China,2,1.0,"China (2, 100.0%)"
1656,2,South Korea,2,1.0,"South Korea (2, 100.0%)"
1657,2,United States,2,1.0,"United States (2, 100.0%)"
1658,2,France,2,1.0,"France (2, 100.0%)"
1659,2,Sweden,2,1.0,"Sweden (2, 100.0%)"
1660,2,China,2,1.0,"China (2, 100.0%)"
1661,2,China,2,1.0,"China (2, 100.0%)"
1662,2,China,2,1.0,"China (2, 100.0%)"
1663,2,Unknown country,2,1.0,"Unknown country (2, 100.0%)"
1664,2,China,1,0.5,"China (1, 50.0%); United States (1, 50.0%)"
1665,2,China,2,1.0,"China (2, 100.0%)"
1666,2,China,2,1.0,"China (2, 100.0%)"
1667,2,China,1,0.5,"China (1, 50.0%); United States (1, 50.0%)"
1668,2,China,2,1.0,"China (2, 100.0%)"
1669,2,United Kingdom,2,1.0,"United Kingdom (2, 100.0%)"
1670,2,China,2,1.0,"China (2, 100.0%)"
1671,2,China,2,1.0,"China (2, 100.0%)"
1672,2,China,2,1.0,"China (2, 100.0%)"
1673,2,China,2,1.0,"China (2, 100.0%)"
1674,2,China,2,1.0,"China (2, 100.0%)"
1675,2,China,2,1.0,"China (2, 100.0%)"
1676,2,China,2,1.0,"China (2, 100.0%)"
1677,2,China,2,1.0,"China (2, 100.0%)"
1678,2,China,2,1.0,"China (2, 100.0%)"
1679,2,China,2,1.0,"China (2, 100.0%)"
1680,2,China,2,1.0,"China (2, 100.0%)"
1681,2,China,2,1.0,"China (2, 100.0%)"
1682,2,China,2,1.0,"China (2, 100.0%)"
1683,2,China,2,1.0,"China (2, 100.0%)"
1684,2,Australia,1,0.5,"Australia (1, 50.0%); Canada (1, 50.0%)"
1685,2,China,2,1.0,"China (2, 100.0%)"
1686,2,China,2,1.0,"China (2, 100.0%)"
1687,2,China,2,1.0,"China (2, 100.0%)"
1688,1,China,1,1.0,"China (1, 100.0%)"
1689,1,China,1,1.0,"China (1, 100.0%)"
1690,1,Netherlands,1,1.0,"Netherlands (1, 100.0%)"
1691,1,China,1,1.0,"China (1, 100.0%)"
1692,1,China,1,1.0,"China (1, 100.0%)"
1693,1,China,1,1.0,"China (1, 100.0%)"
1694,1,China,1,1.0,"China (1, 100.0%)"
1695,1,Saudi Arabia,1,1.0,"Saudi Arabia (1, 100.0%)"
1696,1,China,1,1.0,"China (1, 100.0%)"
1697,1,China,1,1.0,"China (1, 100.0%)"
1698,1,China,1,1.0,"China (1, 100.0%)"
1699,1,Unknown country,1,1.0,"Unknown country (1, 100.0%)"
1700,1,United States,1,1.0,"United States (1, 100.0%)"
1701,1,China,1,1.0,"China (1, 100.0%)"
1702,1,China,1,1.0,"China (1, 100.0%)"
1703,1,Israel,1,1.0,"Israel (1, 100.0%)"
1704,1,United States,1,1.0,"United States (1, 100.0%)"
1705,1,Unknown country,1,1.0,"Unknown country (1, 100.0%)"
1706,1,China,1,1.0,"China (1, 100.0%)"
1707,1,China,1,1.0,"China (1, 100.0%)"
1708,1,South Korea,1,1.0,"South Korea (1, 100.0%)"
1709,1,China,1,1.0,"China (1, 100.0%)"
1710,1,China,1,1.0,"China (1, 100.0%)"
1711,1,Sweden,1,1.0,"Sweden (1, 100.0%)"
1712,1,China,1,1.0,"China (1, 100.0%)"
1713,1,Japan,1,1.0,"Japan (1, 100.0%)"
1714,1,United States,1,1.0,"United States (1, 100.0%)"
1715,1,United States,1,1.0,"United States (1, 100.0%)"
1716,1,China,1,1.0,"China (1, 100.0%)"
1717,1,China,1,1.0,"China (1, 100.0%)"
1718,1,Unknown country,1,1.0,"Unknown country (1, 100.0%)"
1719,1,China,1,1.0,"China (1, 100.0%)"
1720,1,China,1,1.0,"China (1, 100.0%)"
1721,1,Unknown country,1,1.0,"Unknown country (1, 100.0%)"
1722,1,China,1,1.0,"China (1, 100.0%)"
1723,1,France,1,1.0,"France (1, 100.0%)"
1724,1,Spain,1,1.0,"Spain (1, 100.0%)"
1725,1,China,1,1.0,"China (1, 100.0%)"
1726,1,United States,1,1.0,"United States (1, 100.0%)"
1727,1,China,1,1.0,"China (1, 100.0%)"
1728,1,China,1,1.0,"China (1, 100.0%)"
1729,1,China,1,1.0,"China (1, 100.0%)"
1730,1,China,1,1.0,"China (1, 100.0%)"
1731,1,Sweden,1,1.0,"Sweden (1, 100.0%)"
1732,1,China,1,1.0,"China (1, 100.0%)"
1733,1,United Kingdom,1,1.0,"United Kingdom (1, 100.0%)"
1734,1,China,1,1.0,"China (1, 100.0%)"
1735,1,China,1,1.0,"China (1, 100.0%)"
1736,1,China,1,1.0,"China (1, 100.0%)"
1737,1,China,1,1.0,"China (1, 100.0%)"
1738,1,China,1,1.0,"China (1, 100.0%)"
1739,1,China,1,1.0,"China (1, 100.0%)"
1740,1,Egypt,1,1.0,"Egypt (1, 100.0%)"
1741,1,China,1,1.0,"China (1, 100.0%)"
1742,1,China,1,1.0,"China (1, 100.0%)"
1743,1,China,1,1.0,"China (1, 100.0%)"
1744,1,China,1,1.0,"China (1, 100.0%)"
1745,1,United Kingdom,1,1.0,"United Kingdom (1, 100.0%)"
1746,1,Saudi Arabia,1,1.0,"Saudi Arabia (1, 100.0%)"
1747,1,China,1,1.0,"China (1, 100.0%)"
1748,1,United States,1,1.0,"United States (1, 100.0%)"
1749,1,Unknown country,1,1.0,"Unknown country (1, 100.0%)"
1750,1,China,1,1.0,"China (1, 100.0%)"
1751,1,India,1,1.0,"India (1, 100.0%)"
1752,1,China,1,1.0,"China (1, 100.0%)"
1753,1,China,1,1.0,"China (1, 100.0%)"
1754,1,China,1,1.0,"China (1, 100.0%)"
1755,1,China,1,1.0,"China (1, 100.0%)"
1756,1,China,1,1.0,"China (1, 100.0%)"
1757,1,Unknown country,1,1.0,"Unknown country (1, 100.0%)"
1758,1,Germany,1,1.0,"Germany (1, 100.0%)"
1759,1,China,1,1.0,"China (1, 100.0%)"
1760,1,Denmark,1,1.0,"Denmark (1, 100.0%)"
1761,1,China,1,1.0,"China (1, 100.0%)"
1762,1,United States,1,1.0,"United States (1, 100.0%)"
1763,1,United Kingdom,1,1.0,"United Kingdom (1, 100.0%)"
1764,1,Germany,1,1.0,"Germany (1, 100.0%)"
1765,1,South Korea,1,1.0,"South Korea (1, 100.0%)"
1766,1,China,1,1.0,"China (1, 100.0%)"
1767,1,Unknown country,1,1.0,"Unknown country (1, 100.0%)"
1768,1,Unknown country,1,1.0,"Unknown country (1, 100.0%)"
1769,1,Unknown country,1,1.0,"Unknown country (1, 100.0%)"
1770,1,China,1,1.0,"China (1, 100.0%)"
1771,1,China,1,1.0,"China (1, 100.0%)"
1772,1,China,1,1.0,"China (1, 100.0%)"
1773,1,China,1,1.0,"China (1, 100.0%)"
1774,1,China,1,1.0,"China (1, 100.0%)"
1775,1,United Kingdom,1,1.0,"United Kingdom (1, 100.0%)"
1776,1,Japan,1,1.0,"Japan (1, 100.0%)"
1777,1,United Kingdom,1,1.0,"United Kingdom (1, 100.0%)"
1778,1,Unknown country,1,1.0,"Unknown country (1, 100.0%)"
1779,1,United States,1,1.0,"United States (1, 100.0%)"
1780,1,China,1,1.0,"China (1, 100.0%)"
1781,1,United States,1,1.0,"United States (1, 100.0%)"
1782,1,Unknown country,1,1.0,"Unknown country (1, 100.0%)"
1783,1,Greece,1,1.0,"Greece (1, 100.0%)"
1784,1,United Kingdom,1,1.0,"United Kingdom (1, 100.0%)"
1785,1,China,1,1.0,"China (1, 100.0%)"
1786,1,China,1,1.0,"China (1, 100.0%)"
1787,1,China,1,1.0,"China (1, 100.0%)"
1788,1,Australia,1,1.0,"Australia (1, 100.0%)"
1789,1,Venezuela,1,1.0,"Venezuela (1, 100.0%)"
1790,1,Taiwan,1,1.0,"Taiwan (1, 100.0%)"
1791,1,China,1,1.0,"China (1, 100.0%)"
1792,1,China,1,1.0,"China (1, 100.0%)"
1793,1,United Kingdom,1,1.0,"United Kingdom (1, 100.0%)"
1794,1,China,1,1.0,"China (1, 100.0%)"
1795,1,China,1,1.0,"China (1, 100.0%)"
1796,1,China,1,1.0,"China (1, 100.0%)"
1797,1,China,1,1.0,"China (1, 100.0%)"
1798,1,Canada,1,1.0,"Canada (1, 100.0%)"
1799,1,China,1,1.0,"China (1, 100.0%)"
1800,1,United Kingdom,1,1.0,"United Kingdom (1, 100.0%)"
1801,1,Unknown country,1,1.0,"Unknown country (1, 100.0%)"
1802,1,Unknown country,1,1.0,"Unknown country (1, 100.0%)"
1803,1,China,1,1.0,"China (1, 100.0%)"
1804,1,China,1,1.0,"China (1, 100.0%)"
1805,1,China,1,1.0,"China (1, 100.0%)"
1806,1,Colombia,1,1.0,"Colombia (1, 100.0%)"
1807,1,China,1,1.0,"China (1, 100.0%)"
1808,1,Unknown country,1,1.0,"Unknown country (1, 100.0%)"
1809,1,China,1,1.0,"China (1, 100.0%)"
1810,1,India,1,1.0,"India (1, 100.0%)"
1811,1,China,1,1.0,"China (1, 100.0%)"
1812,1,China,1,1.0,"China (1, 100.0%)"
1813,1,China,1,1.0,"China (1, 100.0%)"
1814,1,China,1,1.0,"China (1, 100.0%)"
1815,1,China,1,1.0,"China (1, 100.0%)"
1816,1,China,1,1.0,"China (1, 100.0%)"
1817,1,China,1,1.0,"China (1, 100.0%)"
1818,1,Greece,1,1.0,"Greece (1, 100.0%)"
1819,1,Sri Lanka,1,1.0,"Sri Lanka (1, 100.0%)"
1820,1,Spain,1,1.0,"Spain (1, 100.0%)"
1821,1,China,1,1.0,"China (1, 100.0%)"
1822,1,China,1,1.0,"China (1, 100.0%)"
1823,1,China,1,1.0,"China (1, 100.0%)"
1824,1,Unknown country,1,1.0,"Unknown country (1, 100.0%)"
1825,1,China,1,1.0,"China (1, 100.0%)"
1826,1,United States,1,1.0,"United States (1, 100.0%)"
1827,1,United Kingdom,1,1.0,"United Kingdom (1, 100.0%)"
1828,1,China,1,1.0,"China (1, 100.0%)"
1829,1,China,1,1.0,"China (1, 100.0%)"
1830,1,China,1,1.0,"China (1, 100.0%)"
1831,1,China,1,1.0,"China (1, 100.0%)"
1832,1,United Kingdom,1,1.0,"United Kingdom (1, 100.0%)"
1833,1,China,1,1.0,"China (1, 100.0%)"
1834,1,China,1,1.0,"China (1, 100.0%)"
1835,1,Unknown country,1,1.0,"Unknown country (1, 100.0%)"
1836,1,China,1,1.0,"China (1, 100.0%)"
1837,1,United States,1,1.0,"United States (1, 100.0%)"
1838,1,India,1,1.0,"India (1, 100.0%)"
1839,1,China,1,1.0,"China (1, 100.0%)"
1840,1,Canada,1,1.0,"Canada (1, 100.0%)"
1841,1,China,1,1.0,"China (1, 100.0%)"
1842,1,China,1,1.0,"China (1, 100.0%)"
1843,1,United States,1,1.0,"United States (1, 100.0%)"
1844,1,China,1,1.0,"China (1, 100.0%)"
1845,1,China,1,1.0,"China (1, 100.0%)"
1846,1,Unknown country,1,1.0,"Unknown country (1, 100.0%)"
1847,1,China,1,1.0,"China (1, 100.0%)"
1848,1,China,1,1.0,"China (1, 100.0%)"
1849,1,United States,1,1.0,"United States (1, 100.0%)"
1850,1,United States,1,1.0,"United States (1, 100.0%)"
1851,1,China,1,1.0,"China (1, 100.0%)"
1852,1,China,1,1.0,"China (1, 100.0%)"
1853,1,China,1,1.0,"China (1, 100.0%)"
1854,1,China,1,1.0,"China (1, 100.0%)"
1855,1,China,1,1.0,"China (1, 100.0%)"
1856,1,China,1,1.0,"China (1, 100.0%)"
1857,1,Japan,1,1.0,"Japan (1, 100.0%)"
1858,1,China,1,1.0,"China (1, 100.0%)"
1859,1,United Kingdom,1,1.0,"United Kingdom (1, 100.0%)"
1860,1,China,1,1.0,"China (1, 100.0%)"
1861,1,China,1,1.0,"China (1, 100.0%)"
1862,1,China,1,1.0,"China (1, 100.0%)"
